repository,file_path,language,extension,loc,size_bytes
flask,tests/test_basic.py,Python,.py,1487,54273
flask,tests/conftest.py,Python,.py,82,2546
flask,tests/test_converters.py,Python,.py,29,1093
flask,tests/test_logging.py,Python,.py,69,2529
flask,tests/test_signals.py,Python,.py,139,4864
flask,tests/test_request.py,Python,.py,53,1902
flask,tests/test_async.py,Python,.py,104,3335
flask,tests/test_session_interface.py,Python,.py,21,784
flask,tests/test_instance_config.py,Python,.py,80,3317
flask,tests/test_views.py,Python,.py,187,7058
flask,tests/test_json_tag.py,Python,.py,64,1998
flask,tests/test_subclassing.py,Python,.py,15,480
flask,tests/test_reqctx.py,Python,.py,190,6696
flask,tests/test_blueprints.py,Python,.py,790,31287
flask,tests/test_config.py,Python,.py,193,7748
flask,tests/test_user_error_handler.py,Python,.py,215,8436
flask,tests/test_helpers.py,Python,.py,273,11218
flask,tests/test_json.py,Python,.py,272,8741
flask,tests/test_cli.py,Python,.py,536,20303
flask,tests/test_templating.py,Python,.py,387,15403
flask,tests/test_appctx.py,Python,.py,194,6827
flask,tests/test_regression.py,Python,.py,22,712
flask,tests/test_testing.py,Python,.py,286,10563
flask,tests/test_apps/blueprintapp/__init__.py,Python,.py,7,256
flask,tests/test_apps/blueprintapp/apps/__init__.py,Python,.py,0,0
flask,tests/test_apps/blueprintapp/apps/frontend/__init__.py,Python,.py,9,327
flask,tests/test_apps/blueprintapp/apps/admin/__init__.py,Python,.py,15,366
flask,tests/test_apps/helloworld/hello.py,Python,.py,5,104
flask,tests/test_apps/helloworld/wsgi.py,Python,.py,1,36
flask,tests/test_apps/subdomaintestmodule/__init__.py,Python,.py,2,73
flask,tests/test_apps/cliapp/importerrorapp.py,Python,.py,3,73
flask,tests/test_apps/cliapp/__init__.py,Python,.py,0,0
flask,tests/test_apps/cliapp/factory.py,Python,.py,7,169
flask,tests/test_apps/cliapp/multiapp.py,Python,.py,3,67
flask,tests/test_apps/cliapp/app.py,Python,.py,2,52
flask,tests/test_apps/cliapp/inner1/__init__.py,Python,.py,2,55
flask,tests/test_apps/cliapp/inner1/inner2/flask.py,Python,.py,2,47
flask,tests/test_apps/cliapp/inner1/inner2/__init__.py,Python,.py,0,0
flask,tests/type_check/typing_route.py,Python,.py,71,2532
flask,tests/type_check/typing_app_decorators.py,Python,.py,18,589
flask,tests/type_check/typing_error_handler.py,Python,.py,21,647
flask,docs/conf.py,Python,.py,84,3386
flask,examples/tutorial/tests/conftest.py,Python,.py,44,1454
flask,examples/tutorial/tests/test_auth.py,Python,.py,53,2070
flask,examples/tutorial/tests/test_db.py,Python,.py,19,616
flask,examples/tutorial/tests/test_factory.py,Python,.py,8,298
flask,examples/tutorial/tests/test_blog.py,Python,.py,61,2503
flask,examples/tutorial/flaskr/auth.py,Python,.py,90,3296
flask,examples/tutorial/flaskr/db.py,Python,.py,40,1317
flask,examples/tutorial/flaskr/__init__.py,Python,.py,36,1406
flask,examples/tutorial/flaskr/blog.py,Python,.py,100,3305
flask,examples/celery/make_celery.py,Python,.py,3,102
flask,examples/celery/src/task_app/tasks.py,Python,.py,15,484
flask,examples/celery/src/task_app/__init__.py,Python,.py,31,1024
flask,examples/celery/src/task_app/views.py,Python,.py,28,954
flask,examples/javascript/js_example/__init__.py,Python,.py,3,91
flask,examples/javascript/js_example/views.py,Python,.py,13,429
flask,examples/javascript/tests/test_js_example.py,Python,.py,22,727
flask,examples/javascript/tests/conftest.py,Python,.py,10,216
flask,src/flask/logging.py,Python,.py,55,2377
flask,src/flask/signals.py,Python,.py,14,750
flask,src/flask/sessions.py,Python,.py,310,14969
flask,src/flask/config.py,Python,.py,286,13219
flask,src/flask/templating.py,Python,.py,166,7336
flask,src/flask/globals.py,Python,.py,58,2414
flask,src/flask/__init__.py,Python,.py,39,2072
flask,src/flask/blueprints.py,Python,.py,102,4541
flask,src/flask/cli.py,Python,.py,899,36836
flask,src/flask/wrappers.py,Python,.py,194,9406
flask,src/flask/app.py,Python,.py,1328,65472
flask,src/flask/debughelpers.py,Python,.py,146,6070
flask,src/flask/ctx.py,Python,.py,404,18261
flask,src/flask/typing.py,Python,.py,77,3114
flask,src/flask/testing.py,Python,.py,237,10134
flask,src/flask/helpers.py,Python,.py,534,24628
flask,src/flask/__main__.py,Python,.py,2,30
flask,src/flask/views.py,Python,.py,146,6971
flask,src/flask/sansio/blueprints.py,Python,.py,572,27017
flask,src/flask/sansio/app.py,Python,.py,832,39495
flask,src/flask/sansio/scaffold.py,Python,.py,647,30633
flask,src/flask/json/provider.py,Python,.py,163,7644
flask,src/flask/json/__init__.py,Python,.py,122,5583
flask,src/flask/json/tag.py,Python,.py,236,9281
requests,setup.py,Python,.py,6,179
requests,tests/test_utils.py,Python,.py,875,31454
requests,tests/conftest.py,Python,.py,48,1934
requests,tests/test_structures.py,Python,.py,71,2757
requests,tests/test_packages.py,Python,.py,7,229
requests,tests/test_testserver.py,Python,.py,129,5547
requests,tests/compat.py,Python,.py,19,480
requests,tests/__init__.py,Python,.py,11,469
requests,tests/test_hooks.py,Python,.py,15,424
requests,tests/test_requests.py,Python,.py,2597,108534
requests,tests/utils.py,Python,.py,15,366
requests,tests/test_adapters.py,Python,.py,6,314
requests,tests/test_help.py,Python,.py,18,839
requests,tests/test_lowlevel.py,Python,.py,329,15343
requests,tests/testserver/server.py,Python,.py,144,5147
requests,tests/testserver/__init__.py,Python,.py,0,0
requests,docs/conf.py,Python,.py,291,12148
requests,docs/_themes/flask_theme_support.py,Python,.py,74,4875
requests,src/requests/cookies.py,Python,.py,503,21504
requests,src/requests/auth.py,Python,.py,283,12107
requests,src/requests/sessions.py,Python,.py,758,34072
requests,src/requests/_types.py,Python,.py,148,6041
requests,src/requests/hooks.py,Python,.py,35,1138
requests,src/requests/compat.py,Python,.py,94,2494
requests,src/requests/models.py,Python,.py,988,41462
requests,src/requests/certs.py,Python,.py,13,430
requests,src/requests/__init__.py,Python,.py,184,5637
requests,src/requests/status_codes.py,Python,.py,116,4351
requests,src/requests/packages.py,Python,.py,19,904
requests,src/requests/__version__.py,Python,.py,13,435
requests,src/requests/api.py,Python,.py,139,7152
requests,src/requests/_internal_utils.py,Python,.py,40,1542
requests,src/requests/utils.py,Python,.py,915,36061
requests,src/requests/exceptions.py,Python,.py,98,4564
requests,src/requests/structures.py,Python,.py,96,4134
requests,src/requests/help.py,Python,.py,110,4068
requests,src/requests/adapters.py,Python,.py,634,27992
pytest,bench/bench_argcomplete.py,Python,.py,16,631
pytest,bench/unit_test.py,Python,.py,13,291
pytest,bench/skip.py,Python,.py,7,166
pytest,bench/manyparam.py,Python,.py,9,205
pytest,bench/empty.py,Python,.py,3,98
pytest,bench/bench.py,Python,.py,12,383
pytest,bench/xunit.py,Python,.py,12,236
pytest,testing/test_legacypath.py,Python,.py,154,5869
pytest,testing/test_setuponly.py,Python,.py,273,8225
pytest,testing/test_assertrewrite.py,Python,.py,2054,78355
pytest,testing/test_subtests.py,Python,.py,940,34848
pytest,testing/conftest.py,Python,.py,195,8065
pytest,testing/test_collect_imported_tests.py,Python,.py,84,2889
pytest,testing/test_warnings.py,Python,.py,1010,39204
pytest,testing/test_mark.py,Python,.py,1317,45861
pytest,testing/test_faulthandler.py,Python,.py,187,6740
pytest,testing/test_recwarn.py,Python,.py,542,24695
pytest,testing/test_session.py,Python,.py,415,15535
pytest,testing/test_skipping.py,Python,.py,1397,45601
pytest,testing/test_python_path.py,Python,.py,103,4065
pytest,testing/test_pastebin.py,Python,.py,180,7105
pytest,testing/test_conftest.py,Python,.py,957,34932
pytest,testing/test_nodes.py,Python,.py,130,5404
pytest,testing/test_unittest.py,Python,.py,1481,51378
pytest,testing/test_scope.py,Python,.py,28,1382
pytest,testing/test_setupplan.py,Python,.py,103,3534
pytest,testing/typing_checks.py,Python,.py,54,1925
pytest,testing/test_collection.py,Python,.py,2466,94587
pytest,testing/test_terminal.py,Python,.py,3156,118988
pytest,testing/test_threadexception.py,Python,.py,210,7182
pytest,testing/typing_raises_group.py,Python,.py,176,8364
pytest,testing/test_error_diffs.py,Python,.py,284,8675
pytest,testing/test_reports.py,Python,.py,542,23666
pytest,testing/test_pluginmanager.py,Python,.py,505,21001
pytest,testing/test_runner.py,Python,.py,1091,40471
pytest,testing/test_monkeypatch.py,Python,.py,534,18934
pytest,testing/test_doctest.py,Python,.py,1635,55419
pytest,testing/test_compat.py,Python,.py,151,4949
pytest,testing/test_config.py,Python,.py,3120,121057
pytest,testing/test_capture.py,Python,.py,1549,55906
pytest,testing/test_parseopt.py,Python,.py,436,20298
pytest,testing/test_nodeid.py,Python,.py,143,6738
pytest,testing/test_link_resolve.py,Python,.py,70,2379
pytest,testing/test_entry_points.py,Python,.py,7,315
pytest,testing/test_helpconfig.py,Python,.py,167,6821
pytest,testing/test_debugging.py,Python,.py,1255,46590
pytest,testing/test_cacheprovider.py,Python,.py,1291,50026
pytest,testing/test_meta.py,Python,.py,26,793
pytest,testing/test_unraisableexception.py,Python,.py,433,16687
pytest,testing/test_findpaths.py,Python,.py,237,10314
pytest,testing/test_assertion.py,Python,.py,2730,101498
pytest,testing/test_warning_types.py,Python,.py,41,1508
pytest,testing/test_pytester.py,Python,.py,708,28203
pytest,testing/test_argcomplete.py,Python,.py,72,3235
pytest,testing/test_mark_expression.py,Python,.py,317,11738
pytest,testing/test_main.py,Python,.py,329,12797
pytest,testing/test_tmpdir.py,Python,.py,747,29950
pytest,testing/deprecated_test.py,Python,.py,301,12226
pytest,testing/test_stash.py,Python,.py,59,1876
pytest,testing/acceptance_test.py,Python,.py,1539,61200
pytest,testing/test_junitxml.py,Python,.py,1658,61790
pytest,testing/test_runner_xunit.py,Python,.py,241,7857
pytest,testing/test_stepwise.py,Python,.py,455,16450
pytest,testing/test_pathlib.py,Python,.py,1544,64148
pytest,testing/test_assertrewrite_coverage.py,Python,.py,1057,39694
pytest,testing/freeze/create_executable.py,Python,.py,11,463
pytest,testing/freeze/tox_run.py,Python,.py,13,424
pytest,testing/freeze/runtests_script.py,Python,.py,9,230
pytest,testing/freeze/tests/test_trivial.py,Python,.py,6,170
pytest,testing/python/approx.py,Python,.py,1497,66216
pytest,testing/python/show_fixtures_per_test.py,Python,.py,286,9629
pytest,testing/python/collect.py,Python,.py,1537,56417
pytest,testing/python/metafunc.py,Python,.py,2178,84975
pytest,testing/python/raises_group.py,Python,.py,1231,55895
pytest,testing/python/integration.py,Python,.py,394,14076
pytest,testing/python/raises.py,Python,.py,435,19250
pytest,testing/python/fixtures.py,Python,.py,5420,195194
pytest,testing/plugins_integration/pytest_mock_integration.py,Python,.py,4,112
pytest,testing/plugins_integration/pytest_rerunfailures_integration.py,Python,.py,9,304
pytest,testing/plugins_integration/pytest_twisted_integration.py,Python,.py,13,416
pytest,testing/plugins_integration/django_settings.py,Python,.py,2,61
pytest,testing/plugins_integration/simple_integration.py,Python,.py,8,186
pytest,testing/plugins_integration/pytest_trio_integration.py,Python,.py,7,158
pytest,testing/plugins_integration/bdd_wallet.py,Python,.py,27,681
pytest,testing/plugins_integration/pytest_asyncio_integration.py,Python,.py,7,167
pytest,testing/plugins_integration/pytest_anyio_integration.py,Python,.py,7,161
pytest,testing/io/test_saferepr.py,Python,.py,168,6131
pytest,testing/io/test_pprint.py,Python,.py,662,21006
pytest,testing/io/test_wcwidth.py,Python,.py,35,861
pytest,testing/io/test_terminalwriter.py,Python,.py,259,9875
pytest,testing/code/test_excinfo.py,Python,.py,1979,77215
pytest,testing/code/test_code.py,Python,.py,165,6033
pytest,testing/code/test_source.py,Python,.py,560,18321
pytest,testing/examples/test_issue519.py,Python,.py,6,239
pytest,testing/_py/test_local.py,Python,.py,1318,52632
pytest,testing/logging/test_fixture.py,Python,.py,425,18327
pytest,testing/logging/test_reporting.py,Python,.py,1333,48577
pytest,testing/logging/test_formatter.py,Python,.py,153,5407
pytest,testing/example_scripts/issue_519.py,Python,.py,38,1456
pytest,testing/example_scripts/__init__.py,Python,.py,0,0
pytest,testing/example_scripts/collect/package_infinite_recursion/conftest.py,Python,.py,4,125
pytest,testing/example_scripts/collect/package_infinite_recursion/tests/test_basic.py,Python,.py,4,85
pytest,testing/example_scripts/collect/package_infinite_recursion/tests/__init__.py,Python,.py,0,0
pytest,testing/example_scripts/collect/collect_init_tests/tests/__init__.py,Python,.py,4,90
pytest,testing/example_scripts/collect/collect_init_tests/tests/test_foo.py,Python,.py,4,89
pytest,testing/example_scripts/collect/package_init_given_as_arg/pkg/__init__.py,Python,.py,4,90
pytest,testing/example_scripts/collect/package_init_given_as_arg/pkg/test_foo.py,Python,.py,4,89
pytest,testing/example_scripts/unittest/test_unittest_asynctest.py,Python,.py,16,470
pytest,testing/example_scripts/unittest/test_setup_skip.py,Python,.py,11,343
pytest,testing/example_scripts/unittest/test_setup_skip_module.py,Python,.py,10,297
pytest,testing/example_scripts/unittest/test_setup_skip_class.py,Python,.py,12,369
pytest,testing/example_scripts/unittest/test_unittest_asyncio.py,Python,.py,17,630
pytest,testing/example_scripts/unittest/test_unittest_plain_async.py,Python,.py,6,163
pytest,testing/example_scripts/unittest/test_parametrized_fixture_error_message.py,Python,.py,11,285
pytest,testing/example_scripts/conftest_usageerror/conftest.py,Python,.py,7,223
pytest,testing/example_scripts/marks/marks_considered_keywords/conftest.py,Python,.py,0,0
pytest,testing/example_scripts/marks/marks_considered_keywords/test_marks_as_keywords.py,Python,.py,6,122
pytest,testing/example_scripts/config/collect_pytest_prefix/conftest.py,Python,.py,3,70
pytest,testing/example_scripts/config/collect_pytest_prefix/test_foo.py,Python,.py,4,89
pytest,testing/example_scripts/doctest/main_py/test_normal_module.py,Python,.py,8,137
pytest,testing/example_scripts/doctest/main_py/__main__.py,Python,.py,4,108
pytest,testing/example_scripts/issue88_initial_file_multinodes/conftest.py,Python,.py,11,387
pytest,testing/example_scripts/issue88_initial_file_multinodes/test_hello.py,Python,.py,4,91
pytest,testing/example_scripts/acceptance/fixture_mock_integration.py,Python,.py,12,359
pytest,testing/example_scripts/perf_examples/collect_stats/template_test.py,Python,.py,4,87
pytest,testing/example_scripts/perf_examples/collect_stats/generate_folders.py,Python,.py,23,919
pytest,testing/example_scripts/tmpdir/tmp_path_fixture.py,Python,.py,7,226
pytest,testing/example_scripts/fixtures/test_getfixturevalue_dynamic.py,Python,.py,14,321
pytest,testing/example_scripts/fixtures/test_fixture_named_request.py,Python,.py,8,142
pytest,testing/example_scripts/fixtures/fill_fixtures/test_extend_fixture_module_class.py,Python,.py,12,279
pytest,testing/example_scripts/fixtures/fill_fixtures/test_detect_recursive_dependency_error.py,Python,.py,11,198
pytest,testing/example_scripts/fixtures/fill_fixtures/test_funcarg_basic.py,Python,.py,11,242
pytest,testing/example_scripts/fixtures/fill_fixtures/test_funcarg_lookupfails.py,Python,.py,8,168
pytest,testing/example_scripts/fixtures/fill_fixtures/test_funcarg_lookup_modulelevel.py,Python,.py,11,319
pytest,testing/example_scripts/fixtures/fill_fixtures/test_funcarg_lookup_classlevel.py,Python,.py,9,254
pytest,testing/example_scripts/fixtures/fill_fixtures/test_extend_fixture_conftest_conftest/conftest.py,Python,.py,6,125
pytest,testing/example_scripts/fixtures/fill_fixtures/test_extend_fixture_conftest_conftest/pkg/conftest.py,Python,.py,6,131
pytest,testing/example_scripts/fixtures/fill_fixtures/test_extend_fixture_conftest_conftest/pkg/test_spam.py,Python,.py,4,115
pytest,testing/example_scripts/fixtures/fill_fixtures/test_extend_fixture_conftest_conftest/pkg/__init__.py,Python,.py,0,0
pytest,testing/example_scripts/fixtures/fill_fixtures/test_extend_fixture_conftest_module/conftest.py,Python,.py,6,125
pytest,testing/example_scripts/fixtures/fill_fixtures/test_extend_fixture_conftest_module/test_extend_fixture_conftest_module.py,Python,.py,8,184
pytest,testing/example_scripts/fixtures/fill_fixtures/test_conftest_funcargs_only_available_in_subdir/sub1/conftest.py,Python,.py,7,205
pytest,testing/example_scripts/fixtures/fill_fixtures/test_conftest_funcargs_only_available_in_subdir/sub1/__init__.py,Python,.py,0,0
pytest,testing/example_scripts/fixtures/fill_fixtures/test_conftest_funcargs_only_available_in_subdir/sub1/test_in_sub1.py,Python,.py,4,91
pytest,testing/example_scripts/fixtures/fill_fixtures/test_conftest_funcargs_only_available_in_subdir/sub2/conftest.py,Python,.py,8,246
pytest,testing/example_scripts/fixtures/fill_fixtures/test_conftest_funcargs_only_available_in_subdir/sub2/__init__.py,Python,.py,0,0
pytest,testing/example_scripts/fixtures/fill_fixtures/test_conftest_funcargs_only_available_in_subdir/sub2/test_in_sub2.py,Python,.py,4,91
pytest,testing/example_scripts/fixtures/custom_item/conftest.py,Python,.py,11,375
pytest,testing/example_scripts/fixtures/custom_item/foo/__init__.py,Python,.py,0,0
pytest,testing/example_scripts/fixtures/custom_item/foo/test_foo.py,Python,.py,4,85
pytest,testing/example_scripts/customdirectory/conftest.py,Python,.py,19,693
pytest,testing/example_scripts/customdirectory/tests/test_first.py,Python,.py,5,114
pytest,testing/example_scripts/customdirectory/tests/test_third.py,Python,.py,5,114
pytest,testing/example_scripts/customdirectory/tests/test_second.py,Python,.py,5,115
pytest,testing/example_scripts/warnings/test_group_warnings_by_message.py,Python,.py,14,333
pytest,testing/example_scripts/warnings/test_group_warnings_by_message_summary/test_1.py,Python,.py,14,335
pytest,testing/example_scripts/warnings/test_group_warnings_by_message_summary/test_2.py,Python,.py,5,119
pytest,testing/example_scripts/dataclasses/test_compare_recursive_dataclasses.py,Python,.py,35,614
pytest,testing/example_scripts/dataclasses/test_compare_two_different_dataclasses.py,Python,.py,15,518
pytest,testing/example_scripts/dataclasses/test_compare_dataclasses_with_custom_eq.py,Python,.py,13,425
pytest,testing/example_scripts/dataclasses/test_compare_dataclasses.py,Python,.py,11,339
pytest,testing/example_scripts/dataclasses/test_compare_dataclasses_field_comparison_off.py,Python,.py,11,382
pytest,testing/example_scripts/dataclasses/test_compare_initvar.py,Python,.py,10,260
pytest,testing/example_scripts/dataclasses/test_compare_dataclasses_verbose.py,Python,.py,11,347
pytest,extra/get_issues.py,Python,.py,71,2370
pytest,scripts/release.py,Python,.py,119,4969
pytest,scripts/generate-gh-release-notes.py,Python,.py,53,2155
pytest,scripts/update-plugin-list.py,Python,.py,187,7575
pytest,scripts/diff-assert-rewrite.py,Python,.py,133,5769
pytest,scripts/prepare-release-pr.py,Python,.py,140,4989
pytest,doc/en/conftest.py,Python,.py,2,66
pytest,doc/en/conf.py,Python,.py,273,11624
pytest,doc/en/example/conftest.py,Python,.py,2,87
pytest,doc/en/example/multipython.py,Python,.py,55,1958
pytest,doc/en/example/pythoncollection.py,Python,.py,10,236
pytest,doc/en/example/xfail_demo.py,Python,.py,24,485
pytest,doc/en/example/assertion/failure_demo.py,Python,.py,196,5721
pytest,doc/en/example/assertion/test_setup_flow_example.py,Python,.py,34,1289
pytest,doc/en/example/assertion/test_failures.py,Python,.py,11,464
pytest,doc/en/example/assertion/global_testmodule_config/conftest.py,Python,.py,11,366
pytest,doc/en/example/assertion/global_testmodule_config/test_hello_world.py,Python,.py,4,81
pytest,doc/en/example/nonpython/conftest.py,Python,.py,37,1549
pytest,doc/en/example/nonpython/__init__.py,Python,.py,0,0
pytest,doc/en/example/fixtures/test_fixtures_request_different_scope.py,Python,.py,20,514
pytest,doc/en/example/fixtures/test_fixtures_order_dependencies.py,Python,.py,28,584
pytest,doc/en/example/fixtures/test_fixtures_order_scope.py,Python,.py,23,646
pytest,doc/en/example/fixtures/test_fixtures_order_autouse.py,Python,.py,28,598
pytest,doc/en/example/fixtures/test_fixtures_order_autouse_temp_effects.py,Python,.py,24,639
pytest,doc/en/example/fixtures/test_fixtures_order_autouse_multiple_scopes.py,Python,.py,20,560
pytest,doc/en/example/customdirectory/conftest.py,Python,.py,24,1071
pytest,doc/en/example/customdirectory/tests/test_first.py,Python,.py,4,87
pytest,doc/en/example/customdirectory/tests/test_third.py,Python,.py,4,87
pytest,doc/en/example/customdirectory/tests/test_second.py,Python,.py,4,88
pytest,src/py.py,Python,.py,10,329
pytest,src/pytest/__init__.py,Python,.py,186,5801
pytest,src/pytest/__main__.py,Python,.py,5,175
pytest,src/_pytest/approx.py,Python,.py,948,44510
pytest,src/_pytest/skipping.py,Python,.py,271,10850
pytest,src/_pytest/logging.py,Python,.py,811,36228
pytest,src/_pytest/unittest.py,Python,.py,559,25100
pytest,src/_pytest/runner.py,Python,.py,497,20342
pytest,src/_pytest/helpconfig.py,Python,.py,250,9913
pytest,src/_pytest/pastebin.py,Python,.py,101,4281
pytest,src/_pytest/compat.py,Python,.py,255,10668
pytest,src/_pytest/terminal.py,Python,.py,1573,66205
pytest,src/_pytest/nodeid.py,Python,.py,95,4405
pytest,src/_pytest/tracemalloc.py,Python,.py,20,778
pytest,src/_pytest/warnings.py,Python,.py,100,3885
pytest,src/_pytest/pytester_assertions.py,Python,.py,65,2253
pytest,src/_pytest/deprecated.py,Python,.py,126,6251
pytest,src/_pytest/subtests.py,Python,.py,342,13536
pytest,src/_pytest/recwarn.py,Python,.py,308,13830
pytest,src/_pytest/tmpdir.py,Python,.py,300,13062
pytest,src/_pytest/__init__.py,Python,.py,10,391
pytest,src/_pytest/stash.py,Python,.py,79,3090
pytest,src/_pytest/debugging.py,Python,.py,330,13853
pytest,src/_pytest/_argcomplete.py,Python,.py,90,3776
pytest,src/_pytest/unraisableexception.py,Python,.py,152,6484
pytest,src/_pytest/capture.py,Python,.py,917,37552
pytest,src/_pytest/hookspec.py,Python,.py,896,42100
pytest,src/_pytest/timing.py,Python,.py,68,3196
pytest,src/_pytest/pytester.py,Python,.py,1501,63484
pytest,src/_pytest/faulthandler.py,Python,.py,92,4250
pytest,src/_pytest/outcomes.py,Python,.py,204,8799
pytest,src/_pytest/stepwise.py,Python,.py,185,8112
pytest,src/_pytest/junitxml.py,Python,.py,610,26644
pytest,src/_pytest/python.py,Python,.py,1615,71919
pytest,src/_pytest/reports.py,Python,.py,611,24348
pytest,src/_pytest/doctest.py,Python,.py,620,25930
pytest,src/_pytest/setuponly.py,Python,.py,80,3167
pytest,src/_pytest/raises.py,Python,.py,1286,59802
pytest,src/_pytest/nodes.py,Python,.py,640,27476
pytest,src/_pytest/threadexception.py,Python,.py,122,4892
pytest,src/_pytest/main.py,Python,.py,1077,44147
pytest,src/_pytest/monkeypatch.py,Python,.py,377,16778
pytest,src/_pytest/legacypath.py,Python,.py,352,16833
pytest,src/_pytest/setupplan.py,Python,.py,32,1184
pytest,src/_pytest/pathlib.py,Python,.py,905,39450
pytest,src/_pytest/scope.py,Python,.py,68,2736
pytest,src/_pytest/freeze_support.py,Python,.py,36,1300
pytest,src/_pytest/fixtures.py,Python,.py,2261,103019
pytest,src/_pytest/cacheprovider.py,Python,.py,553,23778
pytest,src/_pytest/warning_types.py,Python,.py,115,4463
pytest,src/_pytest/terminalprogress.py,Python,.py,24,1153
pytest,src/_pytest/config/__init__.py,Python,.py,2103,89879
pytest,src/_pytest/config/findpaths.py,Python,.py,417,18132
pytest,src/_pytest/config/exceptions.py,Python,.py,9,315
pytest,src/_pytest/config/argparsing.py,Python,.py,554,24462
pytest,src/_pytest/mark/__init__.py,Python,.py,250,10542
pytest,src/_pytest/mark/structures.py,Python,.py,588,25075
pytest,src/_pytest/mark/expression.py,Python,.py,290,11686
pytest,src/_pytest/_code/code.py,Python,.py,1414,60879
pytest,src/_pytest/_code/__init__.py,Python,.py,22,521
pytest,src/_pytest/_code/source.py,Python,.py,226,9287
pytest,src/_pytest/assertion/_compare_sequence.py,Python,.py,84,3596
pytest,src/_pytest/assertion/truncate.py,Python,.py,133,6164
pytest,src/_pytest/assertion/_typing.py,Python,.py,23,1153
pytest,src/_pytest/assertion/util.py,Python,.py,165,7010
pytest,src/_pytest/assertion/_compare_set.py,Python,.py,81,2667
pytest,src/_pytest/assertion/_compare_any.py,Python,.py,128,5250
pytest,src/_pytest/assertion/__init__.py,Python,.py,214,9343
pytest,src/_pytest/assertion/_compare_mapping.py,Python,.py,66,2726
pytest,src/_pytest/assertion/highlight.py,Python,.py,7,327
pytest,src/_pytest/assertion/_guards.py,Python,.py,39,1954
pytest,src/_pytest/assertion/rewrite.py,Python,.py,1060,49294
pytest,src/_pytest/assertion/compare_text.py,Python,.py,116,4542
pytest,src/_pytest/_io/wcwidth.py,Python,.py,43,1289
pytest,src/_pytest/_io/saferepr.py,Python,.py,126,4920
pytest,src/_pytest/_io/terminalwriter.py,Python,.py,219,8994
pytest,src/_pytest/_io/__init__.py,Python,.py,7,190
pytest,src/_pytest/_io/pprint.py,Python,.py,617,21409
pytest,src/_pytest/_py/error.py,Python,.py,97,3475
pytest,src/_pytest/_py/__init__.py,Python,.py,0,0
pytest,src/_pytest/_py/path.py,Python,.py,1271,49229
fastapi,tests/test_datastructures.py,Python,.py,49,1926
fastapi,tests/test_starlette_exception.py,Python,.py,183,8293
fastapi,tests/test_multi_body_errors.py,Python,.py,175,6875
fastapi,tests/test_security_http_digest_description.py,Python,.py,59,2538
fastapi,tests/test_json_type.py,Python,.py,43,1694
fastapi,tests/test_union_body_discriminator_annotated.py,Python,.py,185,8043
fastapi,tests/test_computed_fields.py,Python,.py,96,3852
fastapi,tests/test_security_oauth2.py,Python,.py,252,10042
fastapi,tests/test_openapi_schema_type.py,Python,.py,20,722
fastapi,tests/test_param_in_path_and_dependency.py,Python,.py,88,3648
fastapi,tests/test_security_http_basic_optional.py,Python,.py,62,2751
fastapi,tests/test_depends_hashable.py,Python,.py,18,596
fastapi,tests/test_response_model_invalid.py,Python,.py,29,1099
fastapi,tests/test_dependency_yield_scope.py,Python,.py,171,6837
fastapi,tests/test_multi_query_errors.py,Python,.py,111,4504
fastapi,tests/test_additional_responses_bad.py,Python,.py,32,1117
fastapi,tests/test_dependency_security_overrides.py,Python,.py,44,1431
fastapi,tests/test_response_change_status_code.py,Python,.py,15,589
fastapi,tests/test_include_route.py,Python,.py,14,496
fastapi,tests/test_forms_from_non_typing_sequences.py,Python,.py,31,1202
fastapi,tests/test_dependency_pep695.py,Python,.py,18,628
fastapi,tests/test_union_forms.py,Python,.py,143,5993
fastapi,tests/test_strict_content_type_app_level.py,Python,.py,27,1153
fastapi,tests/test_security_scopes_dont_propagate.py,Python,.py,28,973
fastapi,tests/test_schema_extra_examples.py,Python,.py,818,35532
fastapi,tests/test_default_response_class_router.py,Python,.py,141,5117
fastapi,tests/test_invalid_sequence_param.py,Python,.py,47,1545
fastapi,tests/forward_reference_type.py,Python,.py,5,196
fastapi,tests/test_custom_swagger_ui_redirect.py,Python,.py,26,1091
fastapi,tests/test_frontend.py,Python,.py,1051,42460
fastapi,tests/test_response_model_sub_types.py,Python,.py,143,5933
fastapi,tests/test_params_repr.py,Python,.py,58,2321
fastapi,tests/test_schema_ref_pydantic_v2.py,Python,.py,58,2164
fastapi,tests/test_security_openid_connect_description.py,Python,.py,64,2638
fastapi,tests/test_prepare_release.py,Python,.py,218,7400
fastapi,tests/test_inherited_custom_class.py,Python,.py,49,1797
fastapi,tests/test_union_inherited_body.py,Python,.py,127,5427
fastapi,tests/test_sse.py,Python,.py,361,15533
fastapi,tests/test_arbitrary_types.py,Python,.py,116,3886
fastapi,tests/test_response_model_as_return_annotation.py,Python,.py,959,51969
fastapi,tests/test_invalid_path_param.py,Python,.py,51,1666
fastapi,tests/test_schema_compat_pydantic_v2.py,Python,.py,108,4280
fastapi,tests/test_param_include_in_schema.py,Python,.py,227,8848
fastapi,tests/test_dependency_paramless.py,Python,.py,56,2370
fastapi,tests/test_custom_middleware_exception.py,Python,.py,72,2948
fastapi,tests/test_get_request_body.py,Python,.py,103,4311
fastapi,tests/test_dependency_wrapped.py,Python,.py,303,11487
fastapi,tests/test_dependency_yield_except_httpexception.py,Python,.py,53,1961
fastapi,tests/test_datetime_custom_encoder.py,Python,.py,20,817
fastapi,tests/test_router_prefix_with_template.py,Python,.py,13,484
fastapi,tests/test_security_http_base_description.py,Python,.py,52,2201
fastapi,tests/test_security_api_key_cookie_optional.py,Python,.py,60,2267
fastapi,tests/test_openapi_servers.py,Python,.py,51,1759
fastapi,tests/test_swagger_ui_escape.py,Python,.py,30,1167
fastapi,tests/test_multipart_installation.py,Python,.py,115,5809
fastapi,tests/test_wrapped_method_forward_reference.py,Python,.py,24,997
fastapi,tests/test_security_scopes.py,Python,.py,31,1006
fastapi,tests/test_read_with_orm_mode.py,Python,.py,31,1215
fastapi,tests/test_validate_response.py,Python,.py,55,1977
fastapi,tests/test_security_api_key_header.py,Python,.py,54,2097
fastapi,tests/test_additional_responses_union_duplicate_anyof.py,Python,.py,109,4405
fastapi,tests/test_annotated.py,Python,.py,267,10725
fastapi,tests/test_additional_responses_custom_model_in_callback.py,Python,.py,134,6028
fastapi,tests/test_generate_unique_id_function.py,Python,.py,1644,76760
fastapi,tests/test_validate_response_dataclass.py,Python,.py,34,1167
fastapi,tests/test_ws_router.py,Python,.py,199,7651
fastapi,tests/test_security_oauth2_authorization_code_bearer_scopes_openapi_simple.py,Python,.py,65,2658
fastapi,tests/test_pydantic_v1_error.py,Python,.py,61,2347
fastapi,tests/test_security_oauth2_password_bearer_optional_description.py,Python,.py,61,2426
fastapi,tests/test_forms_single_model.py,Python,.py,116,3452
fastapi,tests/test_stringified_annotation_dependency_py314.py,Python,.py,20,711
fastapi,tests/test_ambiguous_params.py,Python,.py,57,2072
fastapi,tests/__init__.py,Python,.py,0,0
fastapi,tests/test_allow_inf_nan_in_enforcing.py,Python,.py,70,1823
fastapi,tests/test_stream_status_code.py,Python,.py,420,19770
fastapi,tests/test_security_openid_connect_optional.py,Python,.py,64,2618
fastapi,tests/test_router_include_context.py,Python,.py,794,32160
fastapi,tests/test_dependency_class.py,Python,.py,109,4466
fastapi,tests/test_security_scopes_sub_dependency.py,Python,.py,89,2956
fastapi,tests/test_response_model_data_filter_no_inheritance.py,Python,.py,56,1721
fastapi,tests/test_response_by_alias.py,Python,.py,284,11945
fastapi,tests/test_security_http_base_optional.py,Python,.py,49,2045
fastapi,tests/test_validation_error_context.py,Python,.py,123,4809
fastapi,tests/test_duplicate_models_openapi.py,Python,.py,69,2470
fastapi,tests/test_response_set_response_code_empty.py,Python,.py,94,3723
fastapi,tests/test_security_api_key_query.py,Python,.py,54,2076
fastapi,tests/test_typing_python39.py,Python,.py,19,709
fastapi,tests/test_nested_annotated_in_sequence.py,Python,.py,128,5175
fastapi,tests/test_route_scope.py,Python,.py,33,1530
fastapi,tests/test_return_none_stringified_annotations.py,Python,.py,12,431
fastapi,tests/test_security_http_bearer.py,Python,.py,51,2313
fastapi,tests/test_security_api_key_query_description.py,Python,.py,59,2256
fastapi,tests/test_response_code_no_body.py,Python,.py,98,3602
fastapi,tests/test_additional_properties_bool.py,Python,.py,109,4351
fastapi,tests/test_security_oauth2_optional_description.py,Python,.py,255,10132
fastapi,tests/test_regex_deprecated_params.py,Python,.py,132,5209
fastapi,tests/test_operations_signatures.py,Python,.py,18,934
fastapi,tests/test_deprecated_responses.py,Python,.py,55,2288
fastapi,tests/test_webhooks_security.py,Python,.py,124,5391
fastapi,tests/test_orjson_response_class.py,Python,.py,22,944
fastapi,tests/test_security_http_digest_optional.py,Python,.py,55,2332
fastapi,tests/test_dependencies_utils.py,Python,.py,6,241
fastapi,tests/test_fastapi_cli.py,Python,.py,29,866
fastapi,tests/test_forms_single_param.py,Python,.py,99,4192
fastapi,tests/test_dependency_after_yield_streaming.py,Python,.py,88,3312
fastapi,tests/test_additional_response_extra.py,Python,.py,39,1336
fastapi,tests/test_stringified_annotation_dependency.py,Python,.py,61,2270
fastapi,tests/test_jsonable_encoder.py,Python,.py,246,10584
fastapi,tests/test_dependency_contextmanager.py,Python,.py,288,11763
fastapi,tests/test_enforce_once_required_parameter.py,Python,.py,100,4154
fastapi,tests/test_generic_parameterless_depends.py,Python,.py,60,2023
fastapi,tests/test_serialize_response_dataclass.py,Python,.py,159,4958
fastapi,tests/test_starlette_urlconvertors.py,Python,.py,42,1678
fastapi,tests/test_router_circular_import.py,Python,.py,9,317
fastapi,tests/test_additional_responses_custom_validationerror.py,Python,.py,87,3253
fastapi,tests/test_dependency_after_yield_websockets.py,Python,.py,56,2005
fastapi,tests/test_required_noneable.py,Python,.py,37,1486
fastapi,tests/test_security_http_basic_realm_description.py,Python,.py,67,2965
fastapi,tests/test_security_http_base.py,Python,.py,50,2254
fastapi,tests/test_exception_handlers.py,Python,.py,57,2504
fastapi,tests/utils.py,Python,.py,22,716
fastapi,tests/test_security_http_bearer_optional.py,Python,.py,53,2307
fastapi,tests/test_stream_cancellation.py,Python,.py,67,2751
fastapi,tests/test_repeated_cookie_headers.py,Python,.py,21,792
fastapi,tests/test_tuples.py,Python,.py,246,11030
fastapi,tests/test_security_oauth2_authorization_code_bearer_description.py,Python,.py,66,2603
fastapi,tests/test_custom_route_class.py,Python,.py,91,3167
fastapi,tests/test_union_body.py,Python,.py,119,5022
fastapi,tests/test_repeated_parameter_alias.py,Python,.py,97,4262
fastapi,tests/test_dependency_duplicates.py,Python,.py,211,8993
fastapi,tests/test_security_api_key_header_description.py,Python,.py,59,2285
fastapi,tests/test_security_oauth2_optional.py,Python,.py,253,9988
fastapi,tests/test_dependency_contextvars.py,Python,.py,37,1568
fastapi,tests/test_translate.py,Python,.py,54,2095
fastapi,tests/test_default_response_class.py,Python,.py,151,5487
fastapi,tests/test_router_events.py,Python,.py,297,12287
fastapi,tests/test_compat.py,Python,.py,107,4581
fastapi,tests/test_swagger_ui_init_oauth.py,Python,.py,18,718
fastapi,tests/test_additional_responses_response_class.py,Python,.py,102,3887
fastapi,tests/test_dump_json_fast_path.py,Python,.py,36,1476
fastapi,tests/test_openapi_route_extensions.py,Python,.py,36,1273
fastapi,tests/test_security_oauth2_authorization_code_bearer.py,Python,.py,66,2724
fastapi,tests/test_additional_responses_router.py,Python,.py,156,5704
fastapi,tests/test_security_oauth2_password_bearer_optional.py,Python,.py,56,2280
fastapi,tests/test_security_oauth2_authorization_code_bearer_scopes_openapi.py,Python,.py,163,6759
fastapi,tests/test_response_dependency.py,Python,.py,126,5306
fastapi,tests/test_query.py,Python,.py,217,7548
fastapi,tests/test_custom_schema_fields.py,Python,.py,46,1325
fastapi,tests/test_request_param_model_by_alias.py,Python,.py,51,2182
fastapi,tests/test_pydanticv2_dataclasses_uuid_stringified_annotations.py,Python,.py,39,1131
fastapi,tests/test_dependency_cache.py,Python,.py,67,2787
fastapi,tests/test_application.py,Python,.py,1271,58296
fastapi,tests/test_strict_content_type_router_level.py,Python,.py,38,1720
fastapi,tests/test_serialize_response.py,Python,.py,38,1373
fastapi,tests/test_no_schema_split.py,Python,.py,157,6653
fastapi,tests/test_repeated_dependency_schema.py,Python,.py,96,4075
fastapi,tests/test_file_and_form_order_issue_9116.py,Python,.py,68,2304
fastapi,tests/test_security_http_basic_realm.py,Python,.py,61,2765
fastapi,tests/test_dependency_partial.py,Python,.py,198,6493
fastapi,tests/test_deprecated_openapi_prefix.py,Python,.py,36,1326
fastapi,tests/test_dependency_after_yield_raise.py,Python,.py,45,1774
fastapi,tests/test_empty_router.py,Python,.py,23,805
fastapi,tests/test_union_body_discriminator.py,Python,.py,193,8964
fastapi,tests/test_dependency_overrides.py,Python,.py,310,11457
fastapi,tests/test_openapi_separate_input_output_schemas.py,Python,.py,648,28494
fastapi,tests/test_router_redirect_slashes.py,Python,.py,26,974
fastapi,tests/test_stream_bare_type.py,Python,.py,50,2128
fastapi,tests/test_filter_pydantic_sub_model_pv2.py,Python,.py,166,6849
fastapi,tests/test_optional_file_list.py,Python,.py,21,789
fastapi,tests/test_additional_responses_default_validationerror.py,Python,.py,84,3409
fastapi,tests/test_callable_endpoint.py,Python,.py,13,426
fastapi,tests/test_local_docs.py,Python,.py,56,2548
fastapi,tests/test_path.py,Python,.py,628,21003
fastapi,tests/test_query_cookie_header_model_extra_params.py,Python,.py,106,3282
fastapi,tests/test_list_bytes_file_order_preserved_issue_14811.py,Python,.py,35,1411
fastapi,tests/test_sub_callbacks.py,Python,.py,275,14598
fastapi,tests/test_put_no_body.py,Python,.py,92,3889
fastapi,tests/test_response_model_data_filter.py,Python,.py,54,1701
fastapi,tests/main.py,Python,.py,127,4558
fastapi,tests/test_dependency_yield_scope_websockets.py,Python,.py,149,6177
fastapi,tests/test_infer_param_optionality.py,Python,.py,303,13515
fastapi,tests/test_security_api_key_query_optional.py,Python,.py,57,2179
fastapi,tests/test_openapi_query_parameter_extension.py,Python,.py,122,4901
fastapi,tests/test_include_router_defaults_overrides.py,Python,.py,7207,394863
fastapi,tests/test_skip_defaults.py,Python,.py,81,3036
fastapi,tests/test_extra_routes.py,Python,.py,333,15071
fastapi,tests/test_openapi_cache_root_path.py,Python,.py,56,2348
fastapi,tests/test_http_connection_injection.py,Python,.py,26,972
fastapi,tests/test_security_api_key_cookie.py,Python,.py,56,2157
fastapi,tests/test_serialize_response_model.py,Python,.py,115,4229
fastapi,tests/test_additional_properties.py,Python,.py,103,4238
fastapi,tests/test_security_openid_connect.py,Python,.py,61,2515
fastapi,tests/test_response_model_include_exclude.py,Python,.py,137,4118
fastapi,tests/test_form_default.py,Python,.py,22,829
fastapi,tests/test_param_class.py,Python,.py,16,604
fastapi,tests/test_top_level_security_scheme_in_openapi.py,Python,.py,48,1902
fastapi,tests/test_no_swagger_ui_redirect.py,Python,.py,20,786
fastapi,tests/test_get_model_definitions_formfeed_escape.py,Python,.py,148,6103
fastapi,tests/test_dependency_models.py,Python,.py,145,6159
fastapi,tests/test_ws_dependencies.py,Python,.py,48,2164
fastapi,tests/test_response_model_default_factory.py,Python,.py,30,1264
fastapi,tests/test_response_class_no_mediatype.py,Python,.py,99,3730
fastapi,tests/test_openapi_model_description_trim_on_formfeed.py,Python,.py,21,660
fastapi,tests/test_security_api_key_cookie_description.py,Python,.py,61,2345
fastapi,tests/test_security_http_bearer_description.py,Python,.py,57,2527
fastapi,tests/test_openapi_examples.py,Python,.py,399,16749
fastapi,tests/test_request_body_parameters_media_type.py,Python,.py,170,7344
fastapi,tests/test_strict_content_type_nested.py,Python,.py,56,2776
fastapi,tests/test_stream_json_validation_error.py,Python,.py,25,991
fastapi,tests/test_security_api_key_header_optional.py,Python,.py,57,2200
fastapi,tests/test_stringified_annotations_simple.py,Python,.py,17,545
fastapi,tests/test_regex_deprecated_body.py,Python,.py,140,5490
fastapi,tests/test_security_http_digest.py,Python,.py,53,2338
fastapi,tests/test_request_params/__init__.py,Python,.py,0,0
fastapi,tests/test_request_params/test_cookie/test_list.py,Python,.py,3,234
fastapi,tests/test_request_params/test_cookie/__init__.py,Python,.py,0,0
fastapi,tests/test_request_params/test_cookie/test_required_str.py,Python,.py,352,10642
fastapi,tests/test_request_params/test_cookie/test_optional_str.py,Python,.py,271,8810
fastapi,tests/test_request_params/test_cookie/test_optional_list.py,Python,.py,3,234
fastapi,tests/test_request_params/test_form/test_list.py,Python,.py,364,11973
fastapi,tests/test_request_params/test_form/__init__.py,Python,.py,0,0
fastapi,tests/test_request_params/test_form/test_required_str.py,Python,.py,340,10904
fastapi,tests/test_request_params/test_form/utils.py,Python,.py,5,285
fastapi,tests/test_request_params/test_form/test_optional_str.py,Python,.py,267,9087
fastapi,tests/test_request_params/test_form/test_optional_list.py,Python,.py,288,10103
fastapi,tests/test_request_params/test_header/test_list.py,Python,.py,360,11614
fastapi,tests/test_request_params/test_header/__init__.py,Python,.py,0,0
fastapi,tests/test_request_params/test_header/test_required_str.py,Python,.py,341,10528
fastapi,tests/test_request_params/test_header/test_optional_str.py,Python,.py,263,8706
fastapi,tests/test_request_params/test_header/test_optional_list.py,Python,.py,287,9842
fastapi,tests/test_request_params/test_file/test_required.py,Python,.py,372,11347
fastapi,tests/test_request_params/test_file/test_list.py,Python,.py,388,11832
fastapi,tests/test_request_params/test_file/__init__.py,Python,.py,0,0
fastapi,tests/test_request_params/test_file/test_optional.py,Python,.py,301,10017
fastapi,tests/test_request_params/test_file/utils.py,Python,.py,5,271
fastapi,tests/test_request_params/test_file/test_optional_list.py,Python,.py,321,11068
fastapi,tests/test_request_params/test_body/test_list.py,Python,.py,361,12158
fastapi,tests/test_request_params/test_body/__init__.py,Python,.py,0,0
fastapi,tests/test_request_params/test_body/test_required_str.py,Python,.py,344,11204
fastapi,tests/test_request_params/test_body/utils.py,Python,.py,5,268
fastapi,tests/test_request_params/test_body/test_optional_str.py,Python,.py,343,11786
fastapi,tests/test_request_params/test_body/test_optional_list.py,Python,.py,368,12933
fastapi,tests/test_request_params/test_path/test_list.py,Python,.py,1,63
fastapi,tests/test_request_params/test_path/__init__.py,Python,.py,0,0
fastapi,tests/test_request_params/test_path/test_required_str.py,Python,.py,74,2492
fastapi,tests/test_request_params/test_path/test_optional_str.py,Python,.py,1,45
fastapi,tests/test_request_params/test_path/test_optional_list.py,Python,.py,1,45
fastapi,tests/test_request_params/test_query/test_list.py,Python,.py,361,11469
fastapi,tests/test_request_params/test_query/__init__.py,Python,.py,0,0
fastapi,tests/test_request_params/test_query/test_required_str.py,Python,.py,344,10401
fastapi,tests/test_request_params/test_query/test_optional_str.py,Python,.py,263,8577
fastapi,tests/test_request_params/test_query/test_optional_list.py,Python,.py,283,9625
fastapi,tests/test_modules_same_name_body/__init__.py,Python,.py,0,0
fastapi,tests/test_modules_same_name_body/test_main.py,Python,.py,148,6366
fastapi,tests/test_modules_same_name_body/app/a.py,Python,.py,5,160
fastapi,tests/test_modules_same_name_body/app/__init__.py,Python,.py,0,0
fastapi,tests/test_modules_same_name_body/app/b.py,Python,.py,5,161
fastapi,tests/test_modules_same_name_body/app/main.py,Python,.py,5,150
fastapi,tests/memory_benchmarks/test_route_dependency_graph.py,Python,.py,47,1738
fastapi,tests/memory_benchmarks/test_openapi.py,Python,.py,28,853
fastapi,tests/memory_benchmarks/__init__.py,Python,.py,0,0
fastapi,tests/memory_benchmarks/test_dependency_graph.py,Python,.py,67,2389
fastapi,tests/test_tutorial/__init__.py,Python,.py,0,0
fastapi,tests/test_tutorial/test_stream_data/test_tutorial002.py,Python,.py,112,4481
fastapi,tests/test_tutorial/test_stream_data/__init__.py,Python,.py,0,0
fastapi,tests/test_tutorial/test_stream_data/test_tutorial001.py,Python,.py,144,5858
fastapi,tests/test_tutorial/test_bigger_applications/__init__.py,Python,.py,0,0
fastapi,tests/test_tutorial/test_bigger_applications/test_main.py,Python,.py,552,23329
fastapi,tests/test_tutorial/test_strict_content_type/__init__.py,Python,.py,0,0
fastapi,tests/test_tutorial/test_strict_content_type/test_tutorial001.py,Python,.py,34,1200
fastapi,tests/test_tutorial/test_request_form_models/test_tutorial002.py,Python,.py,184,6927
fastapi,tests/test_tutorial/test_request_form_models/__init__.py,Python,.py,0,0
fastapi,tests/test_tutorial/test_request_form_models/test_tutorial001.py,Python,.py,168,6390
fastapi,tests/test_tutorial/test_separate_openapi_schemas/test_tutorial002.py,Python,.py,137,5839
fastapi,tests/test_tutorial/test_separate_openapi_schemas/__init__.py,Python,.py,0,0
fastapi,tests/test_tutorial/test_separate_openapi_schemas/test_tutorial001.py,Python,.py,137,5839
fastapi,tests/test_tutorial/test_behind_a_proxy/test_tutorial002.py,Python,.py,32,1171
fastapi,tests/test_tutorial/test_behind_a_proxy/test_tutorial003.py,Python,.py,42,1512
fastapi,tests/test_tutorial/test_behind_a_proxy/__init__.py,Python,.py,0,0
fastapi,tests/test_tutorial/test_behind_a_proxy/test_tutorial001_01.py,Python,.py,15,545
fastapi,tests/test_tutorial/test_behind_a_proxy/test_tutorial004.py,Python,.py,41,1476
fastapi,tests/test_tutorial/test_behind_a_proxy/test_tutorial001.py,Python,.py,32,1192
fastapi,tests/test_tutorial/test_extending_openapi/__init__.py,Python,.py,0,0
fastapi,tests/test_tutorial/test_extending_openapi/test_tutorial001.py,Python,.py,44,1712
fastapi,tests/test_tutorial/test_static_files/__init__.py,Python,.py,0,0
fastapi,tests/test_tutorial/test_static_files/test_tutorial001.py,Python,.py,37,1319
fastapi,tests/test_tutorial/test_cors/__init__.py,Python,.py,0,0
fastapi,tests/test_tutorial/test_cors/test_tutorial001.py,Python,.py,32,1284
fastapi,tests/test_tutorial/test_additional_status_codes/__init__.py,Python,.py,0,0
fastapi,tests/test_tutorial/test_additional_status_codes/test_tutorial001.py,Python,.py,23,934
fastapi,tests/test_tutorial/test_schema_extra_example/test_tutorial002.py,Python,.py,137,5605
fastapi,tests/test_tutorial/test_schema_extra_example/test_tutorial003.py,Python,.py,138,5796
fastapi,tests/test_tutorial/test_schema_extra_example/__init__.py,Python,.py,0,0
fastapi,tests/test_tutorial/test_schema_extra_example/test_tutorial004.py,Python,.py,143,6113
fastapi,tests/test_tutorial/test_schema_extra_example/test_tutorial005.py,Python,.py,152,6841
fastapi,tests/test_tutorial/test_schema_extra_example/test_tutorial001.py,Python,.py,135,5523
fastapi,tests/test_tutorial/test_query_params/test_tutorial006.py,Python,.py,150,5984
fastapi,tests/test_tutorial/test_query_params/test_tutorial002.py,Python,.py,124,4856
fastapi,tests/test_tutorial/test_query_params/test_tutorial003.py,Python,.py,145,5646
fastapi,tests/test_tutorial/test_query_params/__init__.py,Python,.py,0,0
fastapi,tests/test_tutorial/test_query_params/test_tutorial004.py,Python,.py,153,6086
fastapi,tests/test_tutorial/test_query_params/test_tutorial005.py,Python,.py,103,4234
fastapi,tests/test_tutorial/test_query_params/test_tutorial001.py,Python,.py,125,4815
fastapi,tests/test_tutorial/test_path_params/test_tutorial003b.py,Python,.py,38,1430
fastapi,tests/test_tutorial/test_path_params/test_tutorial002.py,Python,.py,121,4876
fastapi,tests/test_tutorial/test_path_params/test_tutorial003.py,Python,.py,132,5323
fastapi,tests/test_tutorial/test_path_params/__init__.py,Python,.py,0,0
fastapi,tests/test_tutorial/test_path_params/test_tutorial004.py,Python,.py,90,3902
fastapi,tests/test_tutorial/test_path_params/test_tutorial005.py,Python,.py,111,4710
fastapi,tests/test_tutorial/test_path_params/test_tutorial001.py,Python,.py,115,4584
fastapi,tests/test_tutorial/test_middleware/__init__.py,Python,.py,0,0
fastapi,tests/test_tutorial/test_middleware/test_tutorial001.py,Python,.py,21,694
fastapi,tests/test_tutorial/test_response_directly/test_tutorial002.py,Python,.py,59,1895
fastapi,tests/test_tutorial/test_response_directly/__init__.py,Python,.py,0,0
fastapi,tests/test_tutorial/test_response_directly/test_tutorial001.py,Python,.py,147,5808
fastapi,tests/test_tutorial/test_using_request_directly/__init__.py,Python,.py,0,0
fastapi,tests/test_tutorial/test_using_request_directly/test_tutorial001.py,Python,.py,111,4496
fastapi,tests/test_tutorial/test_advanced_middleware/test_tutorial002.py,Python,.py,12,576
fastapi,tests/test_tutorial/test_advanced_middleware/test_tutorial003.py,Python,.py,15,671
fastapi,tests/test_tutorial/test_advanced_middleware/__init__.py,Python,.py,0,0
fastapi,tests/test_tutorial/test_advanced_middleware/test_tutorial001.py,Python,.py,10,480
fastapi,tests/test_tutorial/test_custom_response/test_tutorial001b.py,Python,.py,39,1547
fastapi,tests/test_tutorial/test_custom_response/test_tutorial006c.py,Python,.py,26,1014
fastapi,tests/test_tutorial/test_custom_response/test_tutorial008.py,Python,.py,13,545
fastapi,tests/test_tutorial/test_custom_response/test_tutorial006b.py,Python,.py,26,1014
fastapi,tests/test_tutorial/test_custom_response/test_tutorial009.py,Python,.py,13,545
fastapi,tests/test_tutorial/test_custom_response/test_tutorial006.py,Python,.py,31,1194
fastapi,tests/test_tutorial/test_custom_response/test_tutorial002_tutorial003_tutorial004.py,Python,.py,59,1979
fastapi,tests/test_tutorial/test_custom_response/__init__.py,Python,.py,0,0
fastapi,tests/test_tutorial/test_custom_response/test_tutorial007.py,Python,.py,7,270
fastapi,tests/test_tutorial/test_custom_response/test_tutorial010.py,Python,.py,43,1537
fastapi,tests/test_tutorial/test_custom_response/test_tutorial005.py,Python,.py,33,1185
fastapi,tests/test_tutorial/test_custom_response/test_tutorial001.py,Python,.py,44,1622
fastapi,tests/test_tutorial/test_custom_response/test_tutorial009b.py,Python,.py,13,548
fastapi,tests/test_tutorial/test_custom_response/test_tutorial009c.py,Python,.py,8,290
fastapi,tests/test_tutorial/test_templates/__init__.py,Python,.py,0,0
fastapi,tests/test_tutorial/test_templates/test_tutorial001.py,Python,.py,25,968
fastapi,tests/test_tutorial/test_path_operation_configurations/test_tutorial003_tutorial004.py,Python,.py,198,7878
fastapi,tests/test_tutorial/test_path_operation_configurations/test_tutorial002b.py,Python,.py,49,1913
fastapi,tests/test_tutorial/test_path_operation_configurations/test_tutorial006.py,Python,.py,68,2652
fastapi,tests/test_tutorial/test_path_operation_configurations/test_tutorial002.py,Python,.py,215,8557
fastapi,tests/test_tutorial/test_path_operation_configurations/__init__.py,Python,.py,0,0
fastapi,tests/test_tutorial/test_path_operation_configurations/test_tutorial005.py,Python,.py,132,5702
fastapi,tests/test_tutorial/test_path_operation_configurations/test_tutorial001.py,Python,.py,182,7100
fastapi,tests/test_tutorial/test_json_base64_bytes/__init__.py,Python,.py,0,0
fastapi,tests/test_tutorial/test_json_base64_bytes/test_tutorial001.py,Python,.py,212,9117
fastapi,tests/test_tutorial/test_extra_data_types/__init__.py,Python,.py,0,0
fastapi,tests/test_tutorial/test_extra_data_types/test_tutorial001.py,Python,.py,154,6484
fastapi,tests/test_tutorial/test_response_change_status_code/__init__.py,Python,.py,0,0
fastapi,tests/test_tutorial/test_response_change_status_code/test_tutorial001.py,Python,.py,11,527
fastapi,tests/test_tutorial/test_websockets/test_tutorial002.py,Python,.py,87,4110
fastapi,tests/test_tutorial/test_websockets/test_tutorial003.py,Python,.py,42,1490
fastapi,tests/test_tutorial/test_websockets/__init__.py,Python,.py,0,0
fastapi,tests/test_tutorial/test_websockets/test_tutorial001.py,Python,.py,20,829
fastapi,tests/test_tutorial/test_generate_clients/test_tutorial002.py,Python,.py,188,8298
fastapi,tests/test_tutorial/test_generate_clients/test_tutorial003.py,Python,.py,188,8276
fastapi,tests/test_tutorial/test_generate_clients/__init__.py,Python,.py,0,0
fastapi,tests/test_tutorial/test_generate_clients/test_tutorial004.py,Python,.py,230,9511
fastapi,tests/test_tutorial/test_generate_clients/test_tutorial001.py,Python,.py,144,6149
fastapi,tests/test_tutorial/test_path_params_numeric_validations/test_tutorial006.py,Python,.py,211,8076
fastapi,tests/test_tutorial/test_path_params_numeric_validations/__init__.py,Python,.py,0,0
fastapi,tests/test_tutorial/test_path_params_numeric_validations/test_tutorial004.py,Python,.py,177,6793
fastapi,tests/test_tutorial/test_path_params_numeric_validations/test_tutorial005.py,Python,.py,192,7347
fastapi,tests/test_tutorial/test_path_params_numeric_validations/test_tutorial001.py,Python,.py,157,6280
fastapi,tests/test_tutorial/test_path_params_numeric_validations/test_tutorial002_tutorial003.py,Python,.py,164,6348
fastapi,tests/test_tutorial/test_path_operation_advanced_configurations/test_tutorial006.py,Python,.py,54,2186
fastapi,tests/test_tutorial/test_path_operation_advanced_configurations/test_tutorial002.py,Python,.py,31,1155
fastapi,tests/test_tutorial/test_path_operation_advanced_configurations/test_tutorial003.py,Python,.py,18,658
fastapi,tests/test_tutorial/test_path_operation_advanced_configurations/__init__.py,Python,.py,0,0
fastapi,tests/test_tutorial/test_path_operation_advanced_configurations/test_tutorial007.py,Python,.py,106,3675
fastapi,tests/test_tutorial/test_path_operation_advanced_configurations/test_tutorial004.py,Python,.py,133,5741
fastapi,tests/test_tutorial/test_path_operation_advanced_configurations/test_tutorial005.py,Python,.py,31,1173
fastapi,tests/test_tutorial/test_path_operation_advanced_configurations/test_tutorial001.py,Python,.py,31,1172
fastapi,tests/test_tutorial/test_request_forms/__init__.py,Python,.py,0,0
fastapi,tests/test_tutorial/test_request_forms/test_tutorial001.py,Python,.py,170,6457
fastapi,tests/test_tutorial/test_header_param_models/test_tutorial002.py,Python,.py,189,7440
fastapi,tests/test_tutorial/test_header_param_models/test_tutorial003.py,Python,.py,232,8948
fastapi,tests/test_tutorial/test_header_param_models/__init__.py,Python,.py,0,0
fastapi,tests/test_tutorial/test_header_param_models/test_tutorial001.py,Python,.py,195,7682
fastapi,tests/test_tutorial/test_handling_errors/test_tutorial006.py,Python,.py,101,4196
fastapi,tests/test_tutorial/test_handling_errors/test_tutorial002.py,Python,.py,89,3904
fastapi,tests/test_tutorial/test_handling_errors/test_tutorial003.py,Python,.py,90,3827
fastapi,tests/test_tutorial/test_handling_errors/__init__.py,Python,.py,0,0
fastapi,tests/test_tutorial/test_handling_errors/test_tutorial004.py,Python,.py,93,3985
fastapi,tests/test_tutorial/test_handling_errors/test_tutorial005.py,Python,.py,108,4533
fastapi,tests/test_tutorial/test_handling_errors/test_tutorial001.py,Python,.py,89,3831
fastapi,tests/test_tutorial/test_custom_request_and_route/test_tutorial002.py,Python,.py,35,1276
fastapi,tests/test_tutorial/test_custom_request_and_route/test_tutorial003.py,Python,.py,23,852
fastapi,tests/test_tutorial/test_custom_request_and_route/__init__.py,Python,.py,0,0
fastapi,tests/test_tutorial/test_custom_request_and_route/test_tutorial001.py,Python,.py,36,1278
fastapi,tests/test_tutorial/test_metadata/test_tutorial002.py,Python,.py,37,1330
fastapi,tests/test_tutorial/test_metadata/test_tutorial003.py,Python,.py,44,1634
fastapi,tests/test_tutorial/test_metadata/__init__.py,Python,.py,0,0
fastapi,tests/test_tutorial/test_metadata/test_tutorial004.py,Python,.py,60,2324
fastapi,tests/test_tutorial/test_metadata/test_tutorial001.py,Python,.py,46,1959
fastapi,tests/test_tutorial/test_metadata/test_tutorial001_1.py,Python,.py,46,1930
fastapi,tests/test_tutorial/test_response_model/test_tutorial001_tutorial001_01.py,Python,.py,187,7368
fastapi,tests/test_tutorial/test_response_model/test_tutorial006.py,Python,.py,155,6723
fastapi,tests/test_tutorial/test_response_model/test_tutorial003_03.py,Python,.py,31,1225
fastapi,tests/test_tutorial/test_response_model/test_tutorial002.py,Python,.py,128,5211
fastapi,tests/test_tutorial/test_response_model/test_tutorial003.py,Python,.py,148,6081
fastapi,tests/test_tutorial/test_response_model/__init__.py,Python,.py,0,0
fastapi,tests/test_tutorial/test_response_model/test_tutorial003_02.py,Python,.py,92,4025
fastapi,tests/test_tutorial/test_response_model/test_tutorial003_05.py,Python,.py,103,4360
fastapi,tests/test_tutorial/test_response_model/test_tutorial004.py,Python,.py,139,5527
fastapi,tests/test_tutorial/test_response_model/test_tutorial003_01.py,Python,.py,148,6087
fastapi,tests/test_tutorial/test_response_model/test_tutorial005.py,Python,.py,155,6723
fastapi,tests/test_tutorial/test_response_model/test_tutorial003_04.py,Python,.py,13,408
fastapi,tests/test_tutorial/test_background_tasks/test_tutorial002.py,Python,.py,27,968
fastapi,tests/test_tutorial/test_background_tasks/__init__.py,Python,.py,0,0
fastapi,tests/test_tutorial/test_background_tasks/test_tutorial001.py,Python,.py,16,635
fastapi,tests/test_tutorial/test_extra_models/test_tutorial003.py,Python,.py,147,6250
fastapi,tests/test_tutorial/test_extra_models/__init__.py,Python,.py,0,0
fastapi,tests/test_tutorial/test_extra_models/test_tutorial004.py,Python,.py,67,2558
fastapi,tests/test_tutorial/test_extra_models/test_tutorial005.py,Python,.py,49,1911
fastapi,tests/test_tutorial/test_extra_models/test_tutorial001_tutorial002.py,Python,.py,152,6259
fastapi,tests/test_tutorial/test_cookie_params/__init__.py,Python,.py,0,0
fastapi,tests/test_tutorial/test_cookie_params/test_tutorial001.py,Python,.py,115,4619
fastapi,tests/test_tutorial/test_encoder/__init__.py,Python,.py,0,0
fastapi,tests/test_tutorial/test_encoder/test_tutorial001.py,Python,.py,198,7533
fastapi,tests/test_tutorial/test_response_headers/test_tutorial002.py,Python,.py,8,384
fastapi,tests/test_tutorial/test_response_headers/__init__.py,Python,.py,0,0
fastapi,tests/test_tutorial/test_response_headers/test_tutorial001.py,Python,.py,9,432
fastapi,tests/test_tutorial/test_body_nested_models/test_tutorial008.py,Python,.py,152,6154
fastapi,tests/test_tutorial/test_body_nested_models/test_tutorial009.py,Python,.py,113,4607
fastapi,tests/test_tutorial/test_body_nested_models/test_tutorial001_tutorial002_tutorial003.py,Python,.py,234,8736
fastapi,tests/test_tutorial/test_body_nested_models/test_tutorial006.py,Python,.py,260,9715
fastapi,tests/test_tutorial/test_body_nested_models/__init__.py,Python,.py,0,0
fastapi,tests/test_tutorial/test_body_nested_models/test_tutorial007.py,Python,.py,332,11912
fastapi,tests/test_tutorial/test_body_nested_models/test_tutorial004.py,Python,.py,264,9729
fastapi,tests/test_tutorial/test_body_nested_models/test_tutorial005.py,Python,.py,288,10561
fastapi,tests/test_tutorial/test_custom_docs_ui/test_tutorial002.py,Python,.py,35,1349
fastapi,tests/test_tutorial/test_custom_docs_ui/__init__.py,Python,.py,0,0
fastapi,tests/test_tutorial/test_custom_docs_ui/test_tutorial001.py,Python,.py,35,1431
fastapi,tests/test_tutorial/test_settings/test_app01.py,Python,.py,69,2359
fastapi,tests/test_tutorial/test_settings/__init__.py,Python,.py,0,0
fastapi,tests/test_tutorial/test_settings/test_app03.py,Python,.py,35,1252
fastapi,tests/test_tutorial/test_settings/test_tutorial001.py,Python,.py,18,691
fastapi,tests/test_tutorial/test_settings/test_app02.py,Python,.py,29,1040
fastapi,tests/test_tutorial/test_first_steps/test_tutorial001_tutorial002_tutorial003.py,Python,.py,49,1606
fastapi,tests/test_tutorial/test_first_steps/__init__.py,Python,.py,0,0
fastapi,tests/test_tutorial/test_configure_swagger_ui/test_tutorial002.py,Python,.py,38,1573
fastapi,tests/test_tutorial/test_configure_swagger_ui/test_tutorial003.py,Python,.py,38,1540
fastapi,tests/test_tutorial/test_configure_swagger_ui/__init__.py,Python,.py,0,0
fastapi,tests/test_tutorial/test_configure_swagger_ui/test_tutorial001.py,Python,.py,35,1421
fastapi,tests/test_tutorial/test_openapi_webhooks/__init__.py,Python,.py,0,0
fastapi,tests/test_tutorial/test_openapi_webhooks/test_tutorial001.py,Python,.py,121,5313
fastapi,tests/test_tutorial/test_python_types/test_tutorial008.py,Python,.py,13,418
fastapi,tests/test_tutorial/test_python_types/test_tutorial006.py,Python,.py,12,427
fastapi,tests/test_tutorial/test_python_types/test_tutorial003.py,Python,.py,7,346
fastapi,tests/test_tutorial/test_python_types/__init__.py,Python,.py,0,0
fastapi,tests/test_tutorial/test_python_types/test_tutorial013.py,Python,.py,3,137
fastapi,tests/test_tutorial/test_python_types/test_tutorial007.py,Python,.py,5,221
fastapi,tests/test_tutorial/test_python_types/test_tutorial010.py,Python,.py,3,167
fastapi,tests/test_tutorial/test_python_types/test_tutorial004.py,Python,.py,3,178
fastapi,tests/test_tutorial/test_python_types/test_tutorial005.py,Python,.py,10,420
fastapi,tests/test_tutorial/test_python_types/test_tutorial011.py,Python,.py,19,649
fastapi,tests/test_tutorial/test_python_types/test_tutorial001_tutorial002.py,Python,.py,14,400
fastapi,tests/test_tutorial/test_python_types/test_tutorial008b.py,Python,.py,20,638
fastapi,tests/test_tutorial/test_python_types/test_tutorial009_tutorial009b.py,Python,.py,25,763
fastapi,tests/test_tutorial/test_testing_dependencies/__init__.py,Python,.py,0,0
fastapi,tests/test_tutorial/test_testing_dependencies/test_tutorial001.py,Python,.py,59,2372
fastapi,tests/test_tutorial/test_events/test_tutorial002.py,Python,.py,43,1623
fastapi,tests/test_tutorial/test_events/test_tutorial003.py,Python,.py,95,4302
fastapi,tests/test_tutorial/test_events/__init__.py,Python,.py,0,0
fastapi,tests/test_tutorial/test_events/test_tutorial001.py,Python,.py,94,4256
fastapi,tests/test_tutorial/test_graphql/__init__.py,Python,.py,0,0
fastapi,tests/test_tutorial/test_graphql/test_tutorial001.py,Python,.py,64,2501
fastapi,tests/test_tutorial/test_header_params/test_tutorial002.py,Python,.py,118,4674
fastapi,tests/test_tutorial/test_header_params/test_tutorial003.py,Python,.py,115,4655
fastapi,tests/test_tutorial/test_header_params/__init__.py,Python,.py,0,0
fastapi,tests/test_tutorial/test_header_params/test_tutorial001.py,Python,.py,107,4452
fastapi,tests/test_tutorial/test_body_fields/__init__.py,Python,.py,0,0
fastapi,tests/test_tutorial/test_body_fields/test_tutorial001.py,Python,.py,176,7095
fastapi,tests/test_tutorial/test_sql_databases/test_tutorial002.py,Python,.py,419,18481
fastapi,tests/test_tutorial/test_sql_databases/__init__.py,Python,.py,0,0
fastapi,tests/test_tutorial/test_sql_databases/test_tutorial001.py,Python,.py,341,14492
fastapi,tests/test_tutorial/test_body_multiple_params/test_tutorial002.py,Python,.py,345,12060
fastapi,tests/test_tutorial/test_body_multiple_params/test_tutorial003.py,Python,.py,212,8248
fastapi,tests/test_tutorial/test_body_multiple_params/__init__.py,Python,.py,0,0
fastapi,tests/test_tutorial/test_body_multiple_params/test_tutorial004.py,Python,.py,278,10206
fastapi,tests/test_tutorial/test_body_multiple_params/test_tutorial005.py,Python,.py,258,9106
fastapi,tests/test_tutorial/test_body_multiple_params/test_tutorial001.py,Python,.py,170,7085
fastapi,tests/test_tutorial/test_request_forms_and_files/__init__.py,Python,.py,0,0
fastapi,tests/test_tutorial/test_request_forms_and_files/test_tutorial001.py,Python,.py,225,8279
fastapi,tests/test_tutorial/test_authentication_error_status_code/__init__.py,Python,.py,0,0
fastapi,tests/test_tutorial/test_authentication_error_status_code/test_tutorial001.py,Python,.py,56,1931
fastapi,tests/test_tutorial/test_server_sent_events/test_tutorial002.py,Python,.py,70,3081
fastapi,tests/test_tutorial/test_server_sent_events/test_tutorial003.py,Python,.py,64,2753
fastapi,tests/test_tutorial/test_server_sent_events/__init__.py,Python,.py,0,0
fastapi,tests/test_tutorial/test_server_sent_events/test_tutorial004.py,Python,.py,147,6112
fastapi,tests/test_tutorial/test_server_sent_events/test_tutorial005.py,Python,.py,131,5456
fastapi,tests/test_tutorial/test_server_sent_events/test_tutorial001.py,Python,.py,183,8566
fastapi,tests/test_tutorial/test_async_tests/__init__.py,Python,.py,0,0
fastapi,tests/test_tutorial/test_async_tests/test_main_a.py,Python,.py,5,155
fastapi,tests/test_tutorial/test_dataclasses/test_tutorial002.py,Python,.py,79,2961
fastapi,tests/test_tutorial/test_dataclasses/test_tutorial003.py,Python,.py,199,8128
fastapi,tests/test_tutorial/test_dataclasses/__init__.py,Python,.py,0,0
fastapi,tests/test_tutorial/test_dataclasses/test_tutorial001.py,Python,.py,131,5307
fastapi,tests/test_tutorial/test_security/test_tutorial006.py,Python,.py,66,2798
fastapi,tests/test_tutorial/test_security/test_tutorial002.py,Python,.py,62,2323
fastapi,tests/test_tutorial/test_security/test_tutorial003.py,Python,.py,192,8698
fastapi,tests/test_tutorial/test_security/__init__.py,Python,.py,0,0
fastapi,tests/test_tutorial/test_security/test_tutorial007.py,Python,.py,75,3438
fastapi,tests/test_tutorial/test_security/test_tutorial004.py,Python,.py,330,14636
fastapi,tests/test_tutorial/test_security/test_tutorial005.py,Python,.py,378,16786
fastapi,tests/test_tutorial/test_security/test_tutorial001.py,Python,.py,61,2422
fastapi,tests/test_tutorial/test_response_status_code/__init__.py,Python,.py,0,0
fastapi,tests/test_tutorial/test_response_status_code/test_tutorial001_tutorial002.py,Python,.py,95,3912
fastapi,tests/test_tutorial/test_testing/test_tutorial002.py,Python,.py,5,160
fastapi,tests/test_tutorial/test_testing/test_tutorial003.py,Python,.py,5,173
fastapi,tests/test_tutorial/test_testing/__init__.py,Python,.py,0,0
fastapi,tests/test_tutorial/test_testing/test_main_a.py,Python,.py,27,961
fastapi,tests/test_tutorial/test_testing/test_tutorial004.py,Python,.py,3,108
fastapi,tests/test_tutorial/test_testing/test_main_b.py,Python,.py,22,766
fastapi,tests/test_tutorial/test_testing/test_tutorial001.py,Python,.py,27,957
fastapi,tests/test_tutorial/test_request_files/test_tutorial001_03.py,Python,.py,165,7211
fastapi,tests/test_tutorial/test_request_files/test_tutorial002.py,Python,.py,234,9446
fastapi,tests/test_tutorial/test_request_files/test_tutorial001_02.py,Python,.py,179,7883
fastapi,tests/test_tutorial/test_request_files/test_tutorial003.py,Python,.py,210,8806
fastapi,tests/test_tutorial/test_request_files/__init__.py,Python,.py,0,0
fastapi,tests/test_tutorial/test_request_files/test_tutorial001.py,Python,.py,197,8267
fastapi,tests/test_tutorial/test_stream_json_lines/__init__.py,Python,.py,0,0
fastapi,tests/test_tutorial/test_stream_json_lines/test_tutorial001.py,Python,.py,133,5356
fastapi,tests/test_tutorial/test_sub_applications/__init__.py,Python,.py,0,0
fastapi,tests/test_tutorial/test_sub_applications/test_tutorial001.py,Python,.py,59,2208
fastapi,tests/test_tutorial/test_dependencies/test_tutorial008d.py,Python,.py,36,1395
fastapi,tests/test_tutorial/test_dependencies/test_tutorial008.py,Python,.py,54,1525
fastapi,tests/test_tutorial/test_dependencies/test_tutorial008e.py,Python,.py,18,576
fastapi,tests/test_tutorial/test_dependencies/test_tutorial006.py,Python,.py,136,5436
fastapi,tests/test_tutorial/test_dependencies/test_tutorial002_tutorial003_tutorial004.py,Python,.py,171,6477
fastapi,tests/test_tutorial/test_dependencies/test_tutorial012.py,Python,.py,211,8599
fastapi,tests/test_tutorial/test_dependencies/__init__.py,Python,.py,0,0
fastapi,tests/test_tutorial/test_dependencies/test_tutorial007.py,Python,.py,18,644
fastapi,tests/test_tutorial/test_dependencies/test_tutorial010.py,Python,.py,20,690
fastapi,tests/test_tutorial/test_dependencies/test_tutorial005.py,Python,.py,135,5129
fastapi,tests/test_tutorial/test_dependencies/test_tutorial011.py,Python,.py,119,4514
fastapi,tests/test_tutorial/test_dependencies/test_tutorial008b.py,Python,.py,26,1032
fastapi,tests/test_tutorial/test_dependencies/test_tutorial001_tutorial001_02.py,Python,.py,183,7880
fastapi,tests/test_tutorial/test_dependencies/test_tutorial008c.py,Python,.py,35,1414
fastapi,tests/test_tutorial/test_body/test_tutorial002.py,Python,.py,153,5945
fastapi,tests/test_tutorial/test_body/test_tutorial003.py,Python,.py,164,6276
fastapi,tests/test_tutorial/test_body/__init__.py,Python,.py,0,0
fastapi,tests/test_tutorial/test_body/test_tutorial004.py,Python,.py,175,6755
fastapi,tests/test_tutorial/test_body/test_tutorial001.py,Python,.py,307,11333
fastapi,tests/test_tutorial/test_conditional_openapi/__init__.py,Python,.py,0,0
fastapi,tests/test_tutorial/test_conditional_openapi/test_tutorial001.py,Python,.py,50,1853
fastapi,tests/test_tutorial/test_debugging/__init__.py,Python,.py,0,0
fastapi,tests/test_tutorial/test_debugging/test_tutorial001.py,Python,.py,52,1931
fastapi,tests/test_tutorial/test_wsgi/__init__.py,Python,.py,0,0
fastapi,tests/test_tutorial/test_wsgi/test_tutorial001.py,Python,.py,11,442
fastapi,tests/test_tutorial/test_openapi_callbacks/__init__.py,Python,.py,0,0
fastapi,tests/test_tutorial/test_openapi_callbacks/test_tutorial001.py,Python,.py,196,9656
fastapi,tests/test_tutorial/test_query_param_models/test_tutorial002.py,Python,.py,218,8214
fastapi,tests/test_tutorial/test_query_param_models/__init__.py,Python,.py,0,0
fastapi,tests/test_tutorial/test_query_param_models/test_tutorial001.py,Python,.py,212,8024
fastapi,tests/test_tutorial/test_body_updates/test_tutorial002.py,Python,.py,200,7985
fastapi,tests/test_tutorial/test_body_updates/__init__.py,Python,.py,0,0
fastapi,tests/test_tutorial/test_body_updates/test_tutorial001.py,Python,.py,181,7516
fastapi,tests/test_tutorial/test_response_cookies/test_tutorial002.py,Python,.py,8,420
fastapi,tests/test_tutorial/test_response_cookies/__init__.py,Python,.py,0,0
fastapi,tests/test_tutorial/test_response_cookies/test_tutorial001.py,Python,.py,8,409
fastapi,tests/test_tutorial/test_query_params_str_validations/test_tutorial006c.py,Python,.py,139,5584
fastapi,tests/test_tutorial/test_query_params_str_validations/test_tutorial008.py,Python,.py,130,5482
fastapi,tests/test_tutorial/test_query_params_str_validations/test_tutorial009.py,Python,.py,115,4865
fastapi,tests/test_tutorial/test_query_params_str_validations/test_tutorial006.py,Python,.py,131,5057
fastapi,tests/test_tutorial/test_query_params_str_validations/test_tutorial002.py,Python,.py,132,5446
fastapi,tests/test_tutorial/test_query_params_str_validations/test_tutorial012.py,Python,.py,108,4380
fastapi,tests/test_tutorial/test_query_params_str_validations/test_tutorial003.py,Python,.py,143,5745
fastapi,tests/test_tutorial/test_query_params_str_validations/__init__.py,Python,.py,0,0
fastapi,tests/test_tutorial/test_query_params_str_validations/test_tutorial013.py,Python,.py,108,4301
fastapi,tests/test_tutorial/test_query_params_str_validations/test_tutorial007.py,Python,.py,128,5226
fastapi,tests/test_tutorial/test_query_params_str_validations/test_tutorial010.py,Python,.py,141,6000
fastapi,tests/test_tutorial/test_query_params_str_validations/test_tutorial004.py,Python,.py,130,5381
fastapi,tests/test_tutorial/test_query_params_str_validations/test_tutorial014.py,Python,.py,94,3852
fastapi,tests/test_tutorial/test_query_params_str_validations/test_tutorial005.py,Python,.py,126,4971
fastapi,tests/test_tutorial/test_query_params_str_validations/test_tutorial015.py,Python,.py,128,5159
fastapi,tests/test_tutorial/test_query_params_str_validations/test_tutorial001.py,Python,.py,114,4738
fastapi,tests/test_tutorial/test_query_params_str_validations/test_tutorial011.py,Python,.py,110,4482
fastapi,tests/test_tutorial/test_cookie_param_models/test_tutorial002.py,Python,.py,166,6538
fastapi,tests/test_tutorial/test_cookie_param_models/__init__.py,Python,.py,0,0
fastapi,tests/test_tutorial/test_cookie_param_models/test_tutorial001.py,Python,.py,156,6256
fastapi,tests/test_tutorial/test_additional_responses/test_tutorial002.py,Python,.py,129,5431
fastapi,tests/test_tutorial/test_additional_responses/test_tutorial003.py,Python,.py,123,5453
fastapi,tests/test_tutorial/test_additional_responses/__init__.py,Python,.py,0,0
fastapi,tests/test_tutorial/test_additional_responses/test_tutorial004.py,Python,.py,132,5638
fastapi,tests/test_tutorial/test_additional_responses/test_tutorial001.py,Python,.py,119,5213
fastapi,tests/benchmarks/test_openapi.py,Python,.py,28,853
fastapi,tests/benchmarks/__init__.py,Python,.py,0,0
fastapi,tests/benchmarks/utils.py,Python,.py,35,1447
fastapi,tests/benchmarks/test_general_performance.py,Python,.py,288,11393
fastapi,tests/test_validate_response_recursive/test_validate_response_recursive.py,Python,.py,26,836
fastapi,tests/test_validate_response_recursive/__init__.py,Python,.py,0,0
fastapi,tests/test_validate_response_recursive/app.py,Python,.py,34,1151
fastapi,docs/en/docs/js/custom.js,JavaScript,.js,237,9284
fastapi,docs/en/docs/js/init_kapa_widget.js,JavaScript,.js,29,2333
fastapi,docs/en/docs/js/termynal.js,JavaScript,.js,237,9500
fastapi,fastapi/params.py,Python,.py,718,26205
fastapi,fastapi/responses.py,Python,.py,76,4144
fastapi,fastapi/templating.py,Python,.py,1,76
fastapi,fastapi/exception_handlers.py,Python,.py,28,1275
fastapi,fastapi/websockets.py,Python,.py,3,222
fastapi,fastapi/applications.py,Python,.py,4112,183840
fastapi,fastapi/concurrency.py,Python,.py,37,1489
fastapi,fastapi/background.py,Python,.py,46,1820
fastapi,fastapi/__init__.py,Python,.py,22,1081
fastapi,fastapi/encoders.py,Python,.py,338,11713
fastapi,fastapi/types.py,Python,.py,10,438
fastapi,fastapi/logger.py,Python,.py,2,54
fastapi,fastapi/sse.py,Python,.py,197,7083
fastapi,fastapi/staticfiles.py,Python,.py,1,69
fastapi,fastapi/cli.py,Python,.py,10,454
fastapi,fastapi/utils.py,Python,.py,115,4341
fastapi,fastapi/routing.py,Python,.py,5730,255632
fastapi,fastapi/testclient.py,Python,.py,1,66
fastapi,fastapi/exceptions.py,Python,.py,203,7453
fastapi,fastapi/param_functions.py,Python,.py,2323,69596
fastapi,fastapi/requests.py,Python,.py,2,142
fastapi,fastapi/datastructures.py,Python,.py,144,5321
fastapi,fastapi/__main__.py,Python,.py,2,37
fastapi,fastapi/middleware/gzip.py,Python,.py,1,79
fastapi,fastapi/middleware/cors.py,Python,.py,1,79
fastapi,fastapi/middleware/asyncexitstack.py,Python,.py,14,637
fastapi,fastapi/middleware/__init__.py,Python,.py,1,58
fastapi,fastapi/middleware/httpsredirect.py,Python,.py,3,115
fastapi,fastapi/middleware/trustedhost.py,Python,.py,3,109
fastapi,fastapi/middleware/wsgi.py,Python,.py,3,107
fastapi,fastapi/security/open_id_connect_url.py,Python,.py,82,3136
fastapi,fastapi/security/oauth2.py,Python,.py,605,24178
fastapi,fastapi/security/__init__.py,Python,.py,15,881
fastapi,fastapi/security/api_key.py,Python,.py,254,9756
fastapi,fastapi/security/utils.py,Python,.py,7,261
fastapi,fastapi/security/http.py,Python,.py,335,13410
fastapi,fastapi/security/base.py,Python,.py,4,141
fastapi,fastapi/dependencies/models.py,Python,.py,195,8092
fastapi,fastapi/dependencies/__init__.py,Python,.py,0,0
fastapi,fastapi/dependencies/utils.py,Python,.py,961,39180
fastapi,fastapi/openapi/models.py,Python,.py,338,14608
fastapi,fastapi/openapi/constants.py,Python,.py,3,153
fastapi,fastapi/openapi/__init__.py,Python,.py,0,0
fastapi,fastapi/openapi/docs.py,Python,.py,342,12425
fastapi,fastapi/openapi/utils.py,Python,.py,649,29347
fastapi,fastapi/_compat/__init__.py,Python,.py,40,2095
fastapi,fastapi/_compat/shared.py,Python,.py,179,7323
fastapi,fastapi/_compat/v2.py,Python,.py,430,17601
fastapi,scripts/translation_git.py,Python,.py,43,1314
fastapi,scripts/translate.py,Python,.py,429,16939
fastapi,scripts/label_approved.py,Python,.py,51,2245
fastapi,scripts/translation_fixer.py,Python,.py,103,3311
fastapi,scripts/notify_translations.py,Python,.py,351,12961
fastapi,scripts/sponsors.py,Python,.py,181,6245
fastapi,scripts/doc_parsing_utils.py,Python,.py,595,24121
fastapi,scripts/docs.py,Python,.py,795,32404
fastapi,scripts/prepare_release.py,Python,.py,184,6667
fastapi,scripts/deploy_docs_status.py,Python,.py,131,4552
fastapi,scripts/add_latest_release_date.py,Python,.py,28,1023
fastapi,scripts/topic_repos.py,Python,.py,70,2804
fastapi,scripts/tests/test_translation_fixer/conftest.py,Python,.py,47,1637
fastapi,scripts/tests/test_translation_fixer/test_code_blocks/test_code_blocks_lines_number_mismatch.py,Python,.py,47,1916
fastapi,scripts/tests/test_translation_fixer/test_code_blocks/test_code_blocks_number_mismatch.py,Python,.py,49,1902
fastapi,scripts/tests/test_translation_fixer/test_code_blocks/test_code_blocks_mermaid.py,Python,.py,48,1807
fastapi,scripts/tests/test_translation_fixer/test_code_blocks/test_code_blocks_wrong_lang_code.py,Python,.py,47,1950
fastapi,scripts/tests/test_translation_fixer/test_header_permalinks/test_header_level_mismatch.py,Python,.py,49,1999
fastapi,scripts/tests/test_translation_fixer/test_header_permalinks/test_header_number_mismatch.py,Python,.py,49,1900
fastapi,scripts/tests/test_translation_fixer/test_complex_doc/test_compex_doc.py,Python,.py,23,902
fastapi,scripts/tests/test_translation_fixer/test_markdown_links/test_mkd_links_number_mismatch.py,Python,.py,49,1911
fastapi,scripts/tests/test_translation_fixer/test_code_includes/test_number_mismatch.py,Python,.py,49,1934
fastapi,scripts/tests/test_translation_fixer/test_html_links/test_html_links_number_mismatch.py,Python,.py,47,1893
fastapi,scripts/playwright/cookie_param_models/image01.py,Python,.py,33,1193
fastapi,scripts/playwright/sql_databases/image01.py,Python,.py,31,1083
fastapi,scripts/playwright/sql_databases/image02.py,Python,.py,31,1083
fastapi,scripts/playwright/query_param_models/image01.py,Python,.py,35,1322
fastapi,scripts/playwright/json_base64_bytes/image01.py,Python,.py,31,1117
fastapi,scripts/playwright/header_param_models/image01.py,Python,.py,32,1175
fastapi,scripts/playwright/separate_openapi_schemas/image01.py,Python,.py,26,974
fastapi,scripts/playwright/separate_openapi_schemas/image05.py,Python,.py,26,984
fastapi,scripts/playwright/separate_openapi_schemas/image04.py,Python,.py,27,1036
fastapi,scripts/playwright/separate_openapi_schemas/image03.py,Python,.py,27,1047
fastapi,scripts/playwright/separate_openapi_schemas/image02.py,Python,.py,27,1028
fastapi,scripts/playwright/request_form_models/image01.py,Python,.py,32,1171
fastapi,docs_src/server_sent_events/__init__.py,Python,.py,0,0
fastapi,docs_src/server_sent_events/tutorial001_py310.py,Python,.py,29,1112
fastapi,docs_src/server_sent_events/tutorial005_py310.py,Python,.py,13,528
fastapi,docs_src/server_sent_events/tutorial004_py310.py,Python,.py,23,795
fastapi,docs_src/server_sent_events/tutorial002_py310.py,Python,.py,18,686
fastapi,docs_src/server_sent_events/tutorial003_py310.py,Python,.py,13,518
fastapi,docs_src/request_forms_and_files/__init__.py,Python,.py,0,0
fastapi,docs_src/request_forms_and_files/tutorial001_py310.py,Python,.py,11,317
fastapi,docs_src/request_forms_and_files/tutorial001_an_py310.py,Python,.py,14,386
fastapi,docs_src/middleware/__init__.py,Python,.py,0,0
fastapi,docs_src/middleware/tutorial001_py310.py,Python,.py,10,365
fastapi,docs_src/configure_swagger_ui/__init__.py,Python,.py,0,0
fastapi,docs_src/configure_swagger_ui/tutorial001_py310.py,Python,.py,5,205
fastapi,docs_src/configure_swagger_ui/tutorial002_py310.py,Python,.py,5,221
fastapi,docs_src/configure_swagger_ui/tutorial003_py310.py,Python,.py,5,201
fastapi,docs_src/settings/__init__.py,Python,.py,0,0
fastapi,docs_src/settings/tutorial001_py310.py,Python,.py,15,419
fastapi,docs_src/settings/app02_py310/config.py,Python,.py,5,159
fastapi,docs_src/settings/app02_py310/__init__.py,Python,.py,0,0
fastapi,docs_src/settings/app02_py310/main.py,Python,.py,14,406
fastapi,docs_src/settings/app02_py310/test_main.py,Python,.py,15,515
fastapi,docs_src/settings/app01_py310/config.py,Python,.py,6,183
fastapi,docs_src/settings/app01_py310/__init__.py,Python,.py,0,0
fastapi,docs_src/settings/app01_py310/main.py,Python,.py,10,267
fastapi,docs_src/settings/app02_an_py310/config.py,Python,.py,5,159
fastapi,docs_src/settings/app02_an_py310/__init__.py,Python,.py,0,0
fastapi,docs_src/settings/app02_an_py310/main.py,Python,.py,15,445
fastapi,docs_src/settings/app02_an_py310/test_main.py,Python,.py,15,515
fastapi,docs_src/settings/app03_an_py310/config.py,Python,.py,6,235
fastapi,docs_src/settings/app03_an_py310/__init__.py,Python,.py,0,0
fastapi,docs_src/settings/app03_an_py310/main.py,Python,.py,15,451
fastapi,docs_src/settings/app03_py310/config.py,Python,.py,6,235
fastapi,docs_src/settings/app03_py310/__init__.py,Python,.py,0,0
fastapi,docs_src/settings/app03_py310/main.py,Python,.py,14,412
fastapi,docs_src/conditional_openapi/__init__.py,Python,.py,0,0
fastapi,docs_src/conditional_openapi/tutorial001_py310.py,Python,.py,9,281
fastapi,docs_src/request_files/tutorial002_an_py310.py,Python,.py,25,826
fastapi,docs_src/request_files/tutorial001_03_an_py310.py,Python,.py,11,421
fastapi,docs_src/request_files/__init__.py,Python,.py,0,0
fastapi,docs_src/request_files/tutorial001_py310.py,Python,.py,8,282
fastapi,docs_src/request_files/tutorial001_an_py310.py,Python,.py,9,322
fastapi,docs_src/request_files/tutorial001_02_an_py310.py,Python,.py,15,505
fastapi,docs_src/request_files/tutorial003_an_py310.py,Python,.py,31,952
fastapi,docs_src/request_files/tutorial002_py310.py,Python,.py,24,786
fastapi,docs_src/request_files/tutorial003_py310.py,Python,.py,28,888
fastapi,docs_src/request_files/tutorial001_02_py310.py,Python,.py,14,470
fastapi,docs_src/request_files/tutorial001_03_py310.py,Python,.py,10,371
fastapi,docs_src/stream_json_lines/__init__.py,Python,.py,0,0
fastapi,docs_src/stream_json_lines/tutorial001_py310.py,Python,.py,28,936
fastapi,docs_src/authentication_error_status_code/__init__.py,Python,.py,0,0
fastapi,docs_src/authentication_error_status_code/tutorial001_an_py310.py,Python,.py,13,618
fastapi,docs_src/body_multiple_params/tutorial004_an_py310.py,Python,.py,25,643
fastapi,docs_src/body_multiple_params/__init__.py,Python,.py,0,0
fastapi,docs_src/body_multiple_params/tutorial001_py310.py,Python,.py,21,546
fastapi,docs_src/body_multiple_params/tutorial001_an_py310.py,Python,.py,21,579
fastapi,docs_src/body_multiple_params/tutorial005_py310.py,Python,.py,12,369
fastapi,docs_src/body_multiple_params/tutorial004_py310.py,Python,.py,24,603
fastapi,docs_src/body_multiple_params/tutorial003_an_py310.py,Python,.py,18,550
fastapi,docs_src/body_multiple_params/tutorial002_py310.py,Python,.py,15,446
fastapi,docs_src/body_multiple_params/tutorial003_py310.py,Python,.py,15,504
fastapi,docs_src/body_multiple_params/tutorial005_an_py310.py,Python,.py,13,409
fastapi,docs_src/body_nested_models/tutorial006_py310.py,Python,.py,17,475
fastapi,docs_src/body_nested_models/tutorial007_py310.py,Python,.py,21,520
fastapi,docs_src/body_nested_models/__init__.py,Python,.py,0,0
fastapi,docs_src/body_nested_models/tutorial001_py310.py,Python,.py,13,364
fastapi,docs_src/body_nested_models/tutorial005_py310.py,Python,.py,17,468
fastapi,docs_src/body_nested_models/tutorial004_py310.py,Python,.py,17,455
fastapi,docs_src/body_nested_models/tutorial002_py310.py,Python,.py,13,369
fastapi,docs_src/body_nested_models/tutorial003_py310.py,Python,.py,13,371
fastapi,docs_src/body_nested_models/tutorial008_py310.py,Python,.py,9,248
fastapi,docs_src/body_nested_models/tutorial009_py310.py,Python,.py,5,154
fastapi,docs_src/frontend/tutorial006_py310.py,Python,.py,3,99
fastapi,docs_src/frontend/__init__.py,Python,.py,0,0
fastapi,docs_src/frontend/tutorial001_py310.py,Python,.py,3,82
fastapi,docs_src/frontend/tutorial005_py310.py,Python,.py,3,97
fastapi,docs_src/frontend/tutorial004_py310.py,Python,.py,5,182
fastapi,docs_src/frontend/tutorial002_py310.py,Python,.py,3,105
fastapi,docs_src/frontend/tutorial003_py310.py,Python,.py,3,103
fastapi,docs_src/openapi_callbacks/__init__.py,Python,.py,0,0
fastapi,docs_src/openapi_callbacks/tutorial001_py310.py,Python,.py,35,1333
fastapi,docs_src/response_model/tutorial003_03_py310.py,Python,.py,6,241
fastapi,docs_src/response_model/tutorial003_02_py310.py,Python,.py,8,381
fastapi,docs_src/response_model/tutorial006_py310.py,Python,.py,28,816
fastapi,docs_src/response_model/__init__.py,Python,.py,0,0
fastapi,docs_src/response_model/tutorial003_04_py310.py,Python,.py,8,352
fastapi,docs_src/response_model/tutorial003_05_py310.py,Python,.py,8,373
fastapi,docs_src/response_model/tutorial001_py310.py,Python,.py,19,537
fastapi,docs_src/response_model/tutorial001_01_py310.py,Python,.py,18,469
fastapi,docs_src/response_model/tutorial005_py310.py,Python,.py,28,816
fastapi,docs_src/response_model/tutorial004_py310.py,Python,.py,17,595
fastapi,docs_src/response_model/tutorial003_01_py310.py,Python,.py,12,317
fastapi,docs_src/response_model/tutorial002_py310.py,Python,.py,12,318
fastapi,docs_src/response_model/tutorial003_py310.py,Python,.py,16,431
fastapi,docs_src/response_status_code/__init__.py,Python,.py,0,0
fastapi,docs_src/response_status_code/tutorial001_py310.py,Python,.py,5,145
fastapi,docs_src/response_status_code/tutorial002_py310.py,Python,.py,5,173
fastapi,docs_src/python_types/tutorial006_py310.py,Python,.py,3,80
fastapi,docs_src/python_types/tutorial007_py310.py,Python,.py,2,99
fastapi,docs_src/python_types/tutorial011_py310.py,Python,.py,17,461
fastapi,docs_src/python_types/tutorial010_py310.py,Python,.py,5,144
fastapi,docs_src/python_types/tutorial008b_py310.py,Python,.py,2,51
fastapi,docs_src/python_types/__init__.py,Python,.py,0,0
fastapi,docs_src/python_types/tutorial001_py310.py,Python,.py,4,162
fastapi,docs_src/python_types/tutorial013_py310.py,Python,.py,3,127
fastapi,docs_src/python_types/tutorial005_py310.py,Python,.py,2,135
fastapi,docs_src/python_types/tutorial004_py310.py,Python,.py,3,124
fastapi,docs_src/python_types/tutorial002_py310.py,Python,.py,4,172
fastapi,docs_src/python_types/tutorial003_py310.py,Python,.py,3,119
fastapi,docs_src/python_types/tutorial008_py310.py,Python,.py,4,145
fastapi,docs_src/python_types/tutorial009_py310.py,Python,.py,5,131
fastapi,docs_src/cookie_param_models/tutorial002_an_py310.py,Python,.py,12,383
fastapi,docs_src/cookie_param_models/__init__.py,Python,.py,0,0
fastapi,docs_src/cookie_param_models/tutorial001_py310.py,Python,.py,10,303
fastapi,docs_src/cookie_param_models/tutorial001_an_py310.py,Python,.py,11,343
fastapi,docs_src/cookie_param_models/tutorial002_py310.py,Python,.py,11,343
fastapi,docs_src/dependency_testing/__init__.py,Python,.py,0,0
fastapi,docs_src/dependency_testing/tutorial001_py310.py,Python,.py,36,1478
fastapi,docs_src/dependency_testing/tutorial001_an_py310.py,Python,.py,37,1528
fastapi,docs_src/security/tutorial002_an_py310.py,Python,.py,21,761
fastapi,docs_src/security/tutorial006_py310.py,Python,.py,7,321
fastapi,docs_src/security/tutorial007_py310.py,Python,.py,26,1116
fastapi,docs_src/security/tutorial007_an_py310.py,Python,.py,29,1172
fastapi,docs_src/security/tutorial004_an_py310.py,Python,.py,113,4300
fastapi,docs_src/security/__init__.py,Python,.py,0,0
fastapi,docs_src/security/tutorial001_py310.py,Python,.py,7,269
fastapi,docs_src/security/tutorial001_an_py310.py,Python,.py,8,309
fastapi,docs_src/security/tutorial006_an_py310.py,Python,.py,8,361
fastapi,docs_src/security/tutorial005_py310.py,Python,.py,140,5418
fastapi,docs_src/security/tutorial004_py310.py,Python,.py,106,4200
fastapi,docs_src/security/tutorial003_an_py310.py,Python,.py,70,2517
fastapi,docs_src/security/tutorial002_py310.py,Python,.py,20,711
fastapi,docs_src/security/tutorial003_py310.py,Python,.py,65,2433
fastapi,docs_src/security/tutorial005_an_py310.py,Python,.py,143,5509
fastapi,docs_src/header_params/tutorial002_an_py310.py,Python,.py,8,261
fastapi,docs_src/header_params/__init__.py,Python,.py,0,0
fastapi,docs_src/header_params/tutorial001_py310.py,Python,.py,5,182
fastapi,docs_src/header_params/tutorial001_an_py310.py,Python,.py,6,217
fastapi,docs_src/header_params/tutorial003_an_py310.py,Python,.py,6,221
fastapi,docs_src/header_params/tutorial002_py310.py,Python,.py,7,228
fastapi,docs_src/header_params/tutorial003_py310.py,Python,.py,5,186
fastapi,docs_src/background_tasks/tutorial002_an_py310.py,Python,.py,18,683
fastapi,docs_src/background_tasks/__init__.py,Python,.py,0,0
fastapi,docs_src/background_tasks/tutorial001_py310.py,Python,.py,10,519
fastapi,docs_src/background_tasks/tutorial002_py310.py,Python,.py,17,643
fastapi,docs_src/sql_databases/tutorial002_an_py310.py,Python,.py,71,2567
fastapi,docs_src/sql_databases/__init__.py,Python,.py,0,0
fastapi,docs_src/sql_databases/tutorial001_py310.py,Python,.py,48,1760
fastapi,docs_src/sql_databases/tutorial001_an_py310.py,Python,.py,50,1768
fastapi,docs_src/sql_databases/tutorial002_py310.py,Python,.py,71,2586
fastapi,docs_src/query_param_models/tutorial002_an_py310.py,Python,.py,13,483
fastapi,docs_src/query_param_models/__init__.py,Python,.py,0,0
fastapi,docs_src/query_param_models/tutorial001_py310.py,Python,.py,12,422
fastapi,docs_src/query_param_models/tutorial001_an_py310.py,Python,.py,12,443
fastapi,docs_src/query_param_models/tutorial002_py310.py,Python,.py,13,462
fastapi,docs_src/encoder/__init__.py,Python,.py,0,0
fastapi,docs_src/encoder/tutorial001_py310.py,Python,.py,14,430
fastapi,docs_src/stream_data/__init__.py,Python,.py,0,0
fastapi,docs_src/stream_data/tutorial001_py310.py,Python,.py,45,2243
fastapi,docs_src/stream_data/tutorial002_py310.py,Python,.py,36,5717
fastapi,docs_src/wsgi/__init__.py,Python,.py,0,0
fastapi,docs_src/wsgi/tutorial001_py310.py,Python,.py,14,426
fastapi,docs_src/query_params_str_validations/tutorial002_an_py310.py,Python,.py,9,309
fastapi,docs_src/query_params_str_validations/tutorial006_py310.py,Python,.py,8,254
fastapi,docs_src/query_params_str_validations/tutorial007_py310.py,Python,.py,10,304
fastapi,docs_src/query_params_str_validations/tutorial012_an_py310.py,Python,.py,7,227
fastapi,docs_src/query_params_str_validations/tutorial007_an_py310.py,Python,.py,11,337
fastapi,docs_src/query_params_str_validations/tutorial011_py310.py,Python,.py,6,189
fastapi,docs_src/query_params_str_validations/tutorial010_py310.py,Python,.py,19,542
fastapi,docs_src/query_params_str_validations/tutorial004_an_py310.py,Python,.py,13,368
fastapi,docs_src/query_params_str_validations/tutorial011_an_py310.py,Python,.py,7,224
fastapi,docs_src/query_params_str_validations/tutorial014_an_py310.py,Python,.py,11,331
fastapi,docs_src/query_params_str_validations/__init__.py,Python,.py,0,0
fastapi,docs_src/query_params_str_validations/tutorial008_an_py310.py,Python,.py,18,498
fastapi,docs_src/query_params_str_validations/tutorial001_py310.py,Python,.py,8,239
fastapi,docs_src/query_params_str_validations/tutorial012_py310.py,Python,.py,6,192
fastapi,docs_src/query_params_str_validations/tutorial013_py310.py,Python,.py,6,175
fastapi,docs_src/query_params_str_validations/tutorial006_an_py310.py,Python,.py,9,294
fastapi,docs_src/query_params_str_validations/tutorial013_an_py310.py,Python,.py,7,210
fastapi,docs_src/query_params_str_validations/tutorial006c_py310.py,Python,.py,8,261
fastapi,docs_src/query_params_str_validations/tutorial005_py310.py,Python,.py,8,276
fastapi,docs_src/query_params_str_validations/tutorial004_py310.py,Python,.py,12,335
fastapi,docs_src/query_params_str_validations/tutorial003_an_py310.py,Python,.py,11,330
fastapi,docs_src/query_params_str_validations/tutorial002_py310.py,Python,.py,8,276
fastapi,docs_src/query_params_str_validations/tutorial003_py310.py,Python,.py,8,290
fastapi,docs_src/query_params_str_validations/tutorial009_an_py310.py,Python,.py,9,314
fastapi,docs_src/query_params_str_validations/tutorial008_py310.py,Python,.py,15,434
fastapi,docs_src/query_params_str_validations/tutorial009_py310.py,Python,.py,8,281
fastapi,docs_src/query_params_str_validations/tutorial015_an_py310.py,Python,.py,23,768
fastapi,docs_src/query_params_str_validations/tutorial014_py310.py,Python,.py,10,298
fastapi,docs_src/query_params_str_validations/tutorial010_an_py310.py,Python,.py,22,622
fastapi,docs_src/query_params_str_validations/tutorial006c_an_py310.py,Python,.py,9,301
fastapi,docs_src/query_params_str_validations/tutorial005_an_py310.py,Python,.py,9,309
fastapi,docs_src/debugging/__init__.py,Python,.py,0,0
fastapi,docs_src/debugging/tutorial001_py310.py,Python,.py,10,223
fastapi,docs_src/behind_a_proxy/__init__.py,Python,.py,0,0
fastapi,docs_src/behind_a_proxy/tutorial001_py310.py,Python,.py,5,189
fastapi,docs_src/behind_a_proxy/tutorial001_01_py310.py,Python,.py,5,122
fastapi,docs_src/behind_a_proxy/tutorial004_py310.py,Python,.py,12,437
fastapi,docs_src/behind_a_proxy/tutorial002_py310.py,Python,.py,5,208
fastapi,docs_src/behind_a_proxy/tutorial003_py310.py,Python,.py,11,405
fastapi,docs_src/body_updates/__init__.py,Python,.py,0,0
fastapi,docs_src/body_updates/tutorial001_py310.py,Python,.py,23,856
fastapi,docs_src/body_updates/tutorial002_py310.py,Python,.py,26,1009
fastapi,docs_src/body/__init__.py,Python,.py,0,0
fastapi,docs_src/body/tutorial001_py310.py,Python,.py,11,271
fastapi,docs_src/body/tutorial004_py310.py,Python,.py,14,414
fastapi,docs_src/body/tutorial002_py310.py,Python,.py,15,447
fastapi,docs_src/body/tutorial003_py310.py,Python,.py,11,330
fastapi,docs_src/path_operation_advanced_configuration/tutorial006_py310.py,Python,.py,36,1043
fastapi,docs_src/path_operation_advanced_configuration/tutorial007_py310.py,Python,.py,27,797
fastapi,docs_src/path_operation_advanced_configuration/__init__.py,Python,.py,0,0
fastapi,docs_src/path_operation_advanced_configuration/tutorial001_py310.py,Python,.py,5,167
fastapi,docs_src/path_operation_advanced_configuration/tutorial005_py310.py,Python,.py,5,180
fastapi,docs_src/path_operation_advanced_configuration/tutorial004_py310.py,Python,.py,22,661
fastapi,docs_src/path_operation_advanced_configuration/tutorial002_py310.py,Python,.py,8,293
fastapi,docs_src/path_operation_advanced_configuration/tutorial003_py310.py,Python,.py,5,148
fastapi,docs_src/generate_clients/__init__.py,Python,.py,0,0
fastapi,docs_src/generate_clients/tutorial001_py310.py,Python,.py,17,494
fastapi,docs_src/generate_clients/tutorial004.js,JavaScript,.js,32,1066
fastapi,docs_src/generate_clients/tutorial004_py310.py,Python,.py,12,493
fastapi,docs_src/generate_clients/tutorial002_py310.py,Python,.py,23,730
fastapi,docs_src/generate_clients/tutorial003_py310.py,Python,.py,26,914
fastapi,docs_src/path_params/__init__.py,Python,.py,0,0
fastapi,docs_src/path_params/tutorial001_py310.py,Python,.py,5,138
fastapi,docs_src/path_params/tutorial003b_py310.py,Python,.py,8,193
fastapi,docs_src/path_params/tutorial005_py310.py,Python,.py,14,546
fastapi,docs_src/path_params/tutorial004_py310.py,Python,.py,5,156
fastapi,docs_src/path_params/tutorial002_py310.py,Python,.py,5,143
fastapi,docs_src/path_params/tutorial003_py310.py,Python,.py,8,236
fastapi,docs_src/dependencies/tutorial002_an_py310.py,Python,.py,17,664
fastapi,docs_src/dependencies/tutorial008e_an_py310.py,Python,.py,11,329
fastapi,docs_src/dependencies/tutorial006_py310.py,Python,.py,12,583
fastapi,docs_src/dependencies/tutorial007_py310.py,Python,.py,6,99
fastapi,docs_src/dependencies/tutorial008e_py310.py,Python,.py,10,289
fastapi,docs_src/dependencies/tutorial008d_py310.py,Python,.py,21,694
fastapi,docs_src/dependencies/tutorial012_an_py310.py,Python,.py,16,746
fastapi,docs_src/dependencies/tutorial011_py310.py,Python,.py,13,504
fastapi,docs_src/dependencies/tutorial010_py310.py,Python,.py,10,292
fastapi,docs_src/dependencies/tutorial008b_py310.py,Python,.py,21,735
fastapi,docs_src/dependencies/tutorial008c_py310.py,Python,.py,20,660
fastapi,docs_src/dependencies/tutorial008c_an_py310.py,Python,.py,21,700
fastapi,docs_src/dependencies/tutorial004_an_py310.py,Python,.py,17,647
fastapi,docs_src/dependencies/tutorial011_an_py310.py,Python,.py,14,544
fastapi,docs_src/dependencies/tutorial014_an_py310.py,Python,.py,25,957
fastapi,docs_src/dependencies/__init__.py,Python,.py,0,0
fastapi,docs_src/dependencies/tutorial008_an_py310.py,Python,.py,20,521
fastapi,docs_src/dependencies/tutorial001_py310.py,Python,.py,10,404
fastapi,docs_src/dependencies/tutorial001_an_py310.py,Python,.py,11,454
fastapi,docs_src/dependencies/tutorial012_py310.py,Python,.py,15,696
fastapi,docs_src/dependencies/tutorial006_an_py310.py,Python,.py,13,633
fastapi,docs_src/dependencies/tutorial013_an_py310.py,Python,.py,24,937
fastapi,docs_src/dependencies/tutorial005_py310.py,Python,.py,13,443
fastapi,docs_src/dependencies/tutorial004_py310.py,Python,.py,16,607
fastapi,docs_src/dependencies/tutorial001_02_an_py310.py,Python,.py,12,447
fastapi,docs_src/dependencies/tutorial008d_an_py310.py,Python,.py,22,734
fastapi,docs_src/dependencies/tutorial003_an_py310.py,Python,.py,17,655
fastapi,docs_src/dependencies/tutorial002_py310.py,Python,.py,16,624
fastapi,docs_src/dependencies/tutorial003_py310.py,Python,.py,16,603
fastapi,docs_src/dependencies/tutorial008_py310.py,Python,.py,19,455
fastapi,docs_src/dependencies/tutorial005_an_py310.py,Python,.py,17,510
fastapi,docs_src/dependencies/tutorial008b_an_py310.py,Python,.py,22,775
fastapi,docs_src/using_request_directly/__init__.py,Python,.py,0,0
fastapi,docs_src/using_request_directly/tutorial001_py310.py,Python,.py,6,230
fastapi,docs_src/graphql_/__init__.py,Python,.py,0,0
fastapi,docs_src/graphql_/tutorial001_py310.py,Python,.py,16,424
fastapi,docs_src/extra_data_types/__init__.py,Python,.py,0,0
fastapi,docs_src/extra_data_types/tutorial001_py310.py,Python,.py,23,724
fastapi,docs_src/extra_data_types/tutorial001_an_py310.py,Python,.py,24,788
fastapi,docs_src/additional_responses/__init__.py,Python,.py,0,0
fastapi,docs_src/additional_responses/tutorial001_py310.py,Python,.py,14,506
fastapi,docs_src/additional_responses/tutorial004_py310.py,Python,.py,22,669
fastapi,docs_src/additional_responses/tutorial002_py310.py,Python,.py,22,596
fastapi,docs_src/additional_responses/tutorial003_py310.py,Python,.py,29,837
fastapi,docs_src/request_forms/__init__.py,Python,.py,0,0
fastapi,docs_src/request_forms/tutorial001_py310.py,Python,.py,5,173
fastapi,docs_src/request_forms/tutorial001_an_py310.py,Python,.py,6,223
fastapi,docs_src/additional_status_codes/__init__.py,Python,.py,0,0
fastapi,docs_src/additional_status_codes/tutorial001_py310.py,Python,.py,19,646
fastapi,docs_src/additional_status_codes/tutorial001_an_py310.py,Python,.py,20,686
fastapi,docs_src/handling_errors/tutorial006_py310.py,Python,.py,21,928
fastapi,docs_src/handling_errors/__init__.py,Python,.py,0,0
fastapi,docs_src/handling_errors/tutorial001_py310.py,Python,.py,8,299
fastapi,docs_src/handling_errors/tutorial005_py310.py,Python,.py,18,626
fastapi,docs_src/handling_errors/tutorial004_py310.py,Python,.py,19,920
fastapi,docs_src/handling_errors/tutorial002_py310.py,Python,.py,12,404
fastapi,docs_src/handling_errors/tutorial003_py310.py,Python,.py,17,626
fastapi,docs_src/pydantic_v1_in_v2/tutorial002_an_py310.py,Python,.py,10,252
fastapi,docs_src/pydantic_v1_in_v2/tutorial004_an_py310.py,Python,.py,12,360
fastapi,docs_src/pydantic_v1_in_v2/__init__.py,Python,.py,0,0
fastapi,docs_src/pydantic_v1_in_v2/tutorial001_an_py310.py,Python,.py,5,124
fastapi,docs_src/pydantic_v1_in_v2/tutorial003_an_py310.py,Python,.py,15,407
fastapi,docs_src/dataclasses_/__init__.py,Python,.py,0,0
fastapi,docs_src/dataclasses_/tutorial001_py310.py,Python,.py,12,275
fastapi,docs_src/dataclasses_/tutorial002_py310.py,Python,.py,18,506
fastapi,docs_src/dataclasses_/tutorial003_py310.py,Python,.py,43,1363
fastapi,docs_src/websockets_/tutorial002_an_py310.py,Python,.py,83,2855
fastapi,docs_src/websockets_/__init__.py,Python,.py,0,0
fastapi,docs_src/websockets_/tutorial001_py310.py,Python,.py,45,1432
fastapi,docs_src/websockets_/tutorial002_py310.py,Python,.py,81,2798
fastapi,docs_src/websockets_/tutorial003_py310.py,Python,.py,67,2549
fastapi,docs_src/json_base64_bytes/__init__.py,Python,.py,0,0
fastapi,docs_src/json_base64_bytes/tutorial001_py310.py,Python,.py,29,892
fastapi,docs_src/static_files/__init__.py,Python,.py,0,0
fastapi,docs_src/static_files/tutorial001_py310.py,Python,.py,4,159
fastapi,docs_src/header_param_models/tutorial002_an_py310.py,Python,.py,14,432
fastapi,docs_src/header_param_models/__init__.py,Python,.py,0,0
fastapi,docs_src/header_param_models/tutorial001_py310.py,Python,.py,12,352
fastapi,docs_src/header_param_models/tutorial001_an_py310.py,Python,.py,13,392
fastapi,docs_src/header_param_models/tutorial003_an_py310.py,Python,.py,15,424
fastapi,docs_src/header_param_models/tutorial002_py310.py,Python,.py,13,392
fastapi,docs_src/header_param_models/tutorial003_py310.py,Python,.py,12,377
fastapi,docs_src/path_operation_configuration/tutorial006_py310.py,Python,.py,11,365
fastapi,docs_src/path_operation_configuration/tutorial002b_py310.py,Python,.py,12,323
fastapi,docs_src/path_operation_configuration/__init__.py,Python,.py,0,0
fastapi,docs_src/path_operation_configuration/tutorial001_py310.py,Python,.py,12,350
fastapi,docs_src/path_operation_configuration/tutorial005_py310.py,Python,.py,24,681
fastapi,docs_src/path_operation_configuration/tutorial004_py310.py,Python,.py,20,625
fastapi,docs_src/path_operation_configuration/tutorial002_py310.py,Python,.py,18,524
fastapi,docs_src/path_operation_configuration/tutorial003_py310.py,Python,.py,16,457
fastapi,docs_src/path_params_numeric_validations/tutorial002_an_py310.py,Python,.py,11,311
fastapi,docs_src/path_params_numeric_validations/tutorial006_py310.py,Python,.py,15,397
fastapi,docs_src/path_params_numeric_validations/tutorial004_an_py310.py,Python,.py,11,317
fastapi,docs_src/path_params_numeric_validations/__init__.py,Python,.py,0,0
fastapi,docs_src/path_params_numeric_validations/tutorial001_py310.py,Python,.py,11,332
fastapi,docs_src/path_params_numeric_validations/tutorial001_an_py310.py,Python,.py,12,375
fastapi,docs_src/path_params_numeric_validations/tutorial006_an_py310.py,Python,.py,16,447
fastapi,docs_src/path_params_numeric_validations/tutorial005_py310.py,Python,.py,12,298
fastapi,docs_src/path_params_numeric_validations/tutorial004_py310.py,Python,.py,10,280
fastapi,docs_src/path_params_numeric_validations/tutorial003_an_py310.py,Python,.py,11,311
fastapi,docs_src/path_params_numeric_validations/tutorial002_py310.py,Python,.py,8,265
fastapi,docs_src/path_params_numeric_validations/tutorial003_py310.py,Python,.py,8,268
fastapi,docs_src/path_params_numeric_validations/tutorial005_an_py310.py,Python,.py,12,331
fastapi,docs_src/query_params/tutorial006_py310.py,Python,.py,8,269
fastapi,docs_src/query_params/__init__.py,Python,.py,0,0
fastapi,docs_src/query_params/tutorial001_py310.py,Python,.py,6,250
fastapi,docs_src/query_params/tutorial005_py310.py,Python,.py,6,192
fastapi,docs_src/query_params/tutorial004_py310.py,Python,.py,14,436
fastapi,docs_src/query_params/tutorial002_py310.py,Python,.py,7,219
fastapi,docs_src/query_params/tutorial003_py310.py,Python,.py,12,374
fastapi,docs_src/schema_extra_example/tutorial004_an_py310.py,Python,.py,37,917
fastapi,docs_src/schema_extra_example/__init__.py,Python,.py,0,0
fastapi,docs_src/schema_extra_example/tutorial001_py310.py,Python,.py,24,646
fastapi,docs_src/schema_extra_example/tutorial005_py310.py,Python,.py,44,1348
fastapi,docs_src/schema_extra_example/tutorial004_py310.py,Python,.py,33,786
fastapi,docs_src/schema_extra_example/tutorial003_an_py310.py,Python,.py,28,673
fastapi,docs_src/schema_extra_example/tutorial002_py310.py,Python,.py,12,479
fastapi,docs_src/schema_extra_example/tutorial003_py310.py,Python,.py,24,574
fastapi,docs_src/schema_extra_example/tutorial005_an_py310.py,Python,.py,48,1523
fastapi,docs_src/cookie_params/__init__.py,Python,.py,0,0
fastapi,docs_src/cookie_params/tutorial001_py310.py,Python,.py,5,170
fastapi,docs_src/cookie_params/tutorial001_an_py310.py,Python,.py,6,205
fastapi,docs_src/cors/__init__.py,Python,.py,0,0
fastapi,docs_src/cors/tutorial001_py310.py,Python,.py,19,459
fastapi,docs_src/response_headers/__init__.py,Python,.py,0,0
fastapi,docs_src/response_headers/tutorial001_py310.py,Python,.py,8,309
fastapi,docs_src/response_headers/tutorial002_py310.py,Python,.py,6,222
fastapi,docs_src/response_change_status_code/__init__.py,Python,.py,0,0
fastapi,docs_src/response_change_status_code/tutorial001_py310.py,Python,.py,9,391
fastapi,docs_src/templates/__init__.py,Python,.py,0,0
fastapi,docs_src/templates/tutorial001_py310.py,Python,.py,12,521
fastapi,docs_src/templates/static/__init__.py,Python,.py,0,0
fastapi,docs_src/templates/templates/__init__.py,Python,.py,0,0
fastapi,docs_src/openapi_webhooks/__init__.py,Python,.py,0,0
fastapi,docs_src/openapi_webhooks/tutorial001_py310.py,Python,.py,17,550
fastapi,docs_src/custom_request_and_route/tutorial002_an_py310.py,Python,.py,21,974
fastapi,docs_src/custom_request_and_route/__init__.py,Python,.py,0,0
fastapi,docs_src/custom_request_and_route/tutorial001_py310.py,Python,.py,24,976
fastapi,docs_src/custom_request_and_route/tutorial001_an_py310.py,Python,.py,25,1015
fastapi,docs_src/custom_request_and_route/tutorial002_py310.py,Python,.py,20,935
fastapi,docs_src/custom_request_and_route/tutorial003_py310.py,Python,.py,26,1051
fastapi,docs_src/extra_models/__init__.py,Python,.py,0,0
fastapi,docs_src/extra_models/tutorial001_py310.py,Python,.py,28,905
fastapi,docs_src/extra_models/tutorial005_py310.py,Python,.py,5,180
fastapi,docs_src/extra_models/tutorial004_py310.py,Python,.py,13,356
fastapi,docs_src/extra_models/tutorial002_py310.py,Python,.py,24,798
fastapi,docs_src/extra_models/tutorial003_py310.py,Python,.py,22,612
fastapi,docs_src/separate_openapi_schemas/__init__.py,Python,.py,0,0
fastapi,docs_src/separate_openapi_schemas/tutorial001_py310.py,Python,.py,18,451
fastapi,docs_src/separate_openapi_schemas/tutorial002_py310.py,Python,.py,18,486
fastapi,docs_src/custom_docs_ui/__init__.py,Python,.py,0,0
fastapi,docs_src/custom_docs_ui/tutorial001_py310.py,Python,.py,29,1143
fastapi,docs_src/custom_docs_ui/tutorial002_py310.py,Python,.py,31,1175
fastapi,docs_src/app_testing/__init__.py,Python,.py,0,0
fastapi,docs_src/app_testing/tutorial001_py310.py,Python,.py,11,334
fastapi,docs_src/app_testing/tutorial004_py310.py,Python,.py,29,1187
fastapi,docs_src/app_testing/tutorial002_py310.py,Python,.py,22,757
fastapi,docs_src/app_testing/tutorial003_py310.py,Python,.py,16,528
fastapi,docs_src/app_testing/app_b_py310/__init__.py,Python,.py,0,0
fastapi,docs_src/app_testing/app_b_py310/main.py,Python,.py,27,1113
fastapi,docs_src/app_testing/app_b_py310/test_main.py,Python,.py,51,1866
fastapi,docs_src/app_testing/app_a_py310/__init__.py,Python,.py,0,0
fastapi,docs_src/app_testing/app_a_py310/main.py,Python,.py,5,118
fastapi,docs_src/app_testing/app_a_py310/test_main.py,Python,.py,7,238
fastapi,docs_src/app_testing/app_b_an_py310/__init__.py,Python,.py,0,0
fastapi,docs_src/app_testing/app_b_an_py310/main.py,Python,.py,28,1163
fastapi,docs_src/app_testing/app_b_an_py310/test_main.py,Python,.py,51,1866
fastapi,docs_src/bigger_applications/__init__.py,Python,.py,0,0
fastapi,docs_src/bigger_applications/app_an_py310/__init__.py,Python,.py,0,0
fastapi,docs_src/bigger_applications/app_an_py310/main.py,Python,.py,17,552
fastapi,docs_src/bigger_applications/app_an_py310/dependencies.py,Python,.py,8,409
fastapi,docs_src/bigger_applications/app_an_py310/routers/users.py,Python,.py,11,407
fastapi,docs_src/bigger_applications/app_an_py310/routers/__init__.py,Python,.py,0,0
fastapi,docs_src/bigger_applications/app_an_py310/routers/items.py,Python,.py,28,1011
fastapi,docs_src/bigger_applications/app_an_py310/internal/__init__.py,Python,.py,0,0
fastapi,docs_src/bigger_applications/app_an_py310/internal/admin.py,Python,.py,5,147
fastapi,docs_src/first_steps/__init__.py,Python,.py,0,0
fastapi,docs_src/first_steps/tutorial001_py310.py,Python,.py,5,117
fastapi,docs_src/first_steps/tutorial003_py310.py,Python,.py,5,111
fastapi,docs_src/request_form_models/tutorial002_an_py310.py,Python,.py,11,307
fastapi,docs_src/request_form_models/__init__.py,Python,.py,0,0
fastapi,docs_src/request_form_models/tutorial001_py310.py,Python,.py,9,228
fastapi,docs_src/request_form_models/tutorial001_an_py310.py,Python,.py,10,268
fastapi,docs_src/request_form_models/tutorial002_py310.py,Python,.py,10,267
fastapi,docs_src/body_fields/__init__.py,Python,.py,0,0
fastapi,docs_src/body_fields/tutorial001_py310.py,Python,.py,14,523
fastapi,docs_src/body_fields/tutorial001_an_py310.py,Python,.py,15,563
fastapi,docs_src/events/__init__.py,Python,.py,0,0
fastapi,docs_src/events/tutorial001_py310.py,Python,.py,10,283
fastapi,docs_src/events/tutorial002_py310.py,Python,.py,9,255
fastapi,docs_src/events/tutorial003_py310.py,Python,.py,17,569
fastapi,docs_src/strict_content_type/__init__.py,Python,.py,0,0
fastapi,docs_src/strict_content_type/tutorial001_py310.py,Python,.py,9,231
fastapi,docs_src/response_cookies/__init__.py,Python,.py,0,0
fastapi,docs_src/response_cookies/tutorial001_py310.py,Python,.py,9,344
fastapi,docs_src/response_cookies/tutorial002_py310.py,Python,.py,6,272
fastapi,docs_src/custom_response/tutorial009b_py310.py,Python,.py,7,217
fastapi,docs_src/custom_response/tutorial009c_py310.py,Python,.py,12,451
fastapi,docs_src/custom_response/tutorial006_py310.py,Python,.py,6,199
fastapi,docs_src/custom_response/tutorial007_py310.py,Python,.py,11,319
fastapi,docs_src/custom_response/tutorial010_py310.py,Python,.py,6,228
fastapi,docs_src/custom_response/__init__.py,Python,.py,0,0
fastapi,docs_src/custom_response/tutorial001_py310.py,Python,.py,6,197
fastapi,docs_src/custom_response/tutorial006c_py310.py,Python,.py,6,237
fastapi,docs_src/custom_response/tutorial006b_py310.py,Python,.py,6,220
fastapi,docs_src/custom_response/tutorial005_py310.py,Python,.py,6,186
fastapi,docs_src/custom_response/tutorial004_py310.py,Python,.py,18,491
fastapi,docs_src/custom_response/tutorial002_py310.py,Python,.py,15,352
fastapi,docs_src/custom_response/tutorial003_py310.py,Python,.py,16,394
fastapi,docs_src/custom_response/tutorial008_py310.py,Python,.py,10,360
fastapi,docs_src/custom_response/tutorial009_py310.py,Python,.py,7,202
fastapi,docs_src/custom_response/tutorial001b_py310.py,Python,.py,6,215
fastapi,docs_src/metadata/__init__.py,Python,.py,0,0
fastapi,docs_src/metadata/tutorial001_py310.py,Python,.py,29,805
fastapi,docs_src/metadata/tutorial004_py310.py,Python,.py,22,693
fastapi,docs_src/metadata/tutorial001_1_py310.py,Python,.py,29,774
fastapi,docs_src/metadata/tutorial002_py310.py,Python,.py,5,154
fastapi,docs_src/metadata/tutorial003_py310.py,Python,.py,5,161
fastapi,docs_src/advanced_middleware/__init__.py,Python,.py,0,0
fastapi,docs_src/advanced_middleware/tutorial001_py310.py,Python,.py,7,231
fastapi,docs_src/advanced_middleware/tutorial002_py310.py,Python,.py,9,279
fastapi,docs_src/advanced_middleware/tutorial003_py310.py,Python,.py,7,230
fastapi,docs_src/extending_openapi/__init__.py,Python,.py,0,0
fastapi,docs_src/extending_openapi/tutorial001_py310.py,Python,.py,22,737
fastapi,docs_src/response_directly/__init__.py,Python,.py,0,0
fastapi,docs_src/response_directly/tutorial001_py310.py,Python,.py,14,474
fastapi,docs_src/response_directly/tutorial002_py310.py,Python,.py,15,354
fastapi,docs_src/async_tests/__init__.py,Python,.py,0,0
fastapi,docs_src/async_tests/app_a_py310/__init__.py,Python,.py,0,0
fastapi,docs_src/async_tests/app_a_py310/main.py,Python,.py,5,112
fastapi,docs_src/async_tests/app_a_py310/test_main.py,Python,.py,11,360
fastapi,docs_src/sub_applications/__init__.py,Python,.py,0,0
fastapi,docs_src/sub_applications/tutorial001_py310.py,Python,.py,10,274
scikit-learn,.spin/cmds.py,Python,.py,23,793
scikit-learn,asv_benchmarks/benchmarks/metrics.py,Python,.py,34,1363
scikit-learn,asv_benchmarks/benchmarks/manifold.py,Python,.py,22,820
scikit-learn,asv_benchmarks/benchmarks/neighbors.py,Python,.py,26,1140
scikit-learn,asv_benchmarks/benchmarks/model_selection.py,Python,.py,57,2371
scikit-learn,asv_benchmarks/benchmarks/datasets.py,Python,.py,134,5191
scikit-learn,asv_benchmarks/benchmarks/__init__.py,Python,.py,1,49
scikit-learn,asv_benchmarks/benchmarks/linear_model.py,Python,.py,183,6606
scikit-learn,asv_benchmarks/benchmarks/common.py,Python,.py,191,7347
scikit-learn,asv_benchmarks/benchmarks/utils.py,Python,.py,32,1310
scikit-learn,asv_benchmarks/benchmarks/cluster.py,Python,.py,79,2925
scikit-learn,asv_benchmarks/benchmarks/ensemble.py,Python,.py,87,2995
scikit-learn,asv_benchmarks/benchmarks/decomposition.py,Python,.py,68,2406
scikit-learn,asv_benchmarks/benchmarks/svm.py,Python,.py,20,762
scikit-learn,sklearn/conftest.py,Python,.py,416,18550
scikit-learn,sklearn/multiclass.py,Python,.py,1063,44511
scikit-learn,sklearn/kernel_approximation.py,Python,.py,927,40804
scikit-learn,sklearn/random_projection.py,Python,.py,646,28585
scikit-learn,sklearn/isotonic.py,Python,.py,414,17387
scikit-learn,sklearn/multioutput.py,Python,.py,1017,43547
scikit-learn,sklearn/__init__.py,Python,.py,130,4524
scikit-learn,sklearn/kernel_ridge.py,Python,.py,202,9263
scikit-learn,sklearn/_distributor_init.py,Python,.py,9,424
scikit-learn,sklearn/_min_dependencies.py,Python,.py,66,2913
scikit-learn,sklearn/naive_bayes.py,Python,.py,1271,57234
scikit-learn,sklearn/pipeline.py,Python,.py,1897,88768
scikit-learn,sklearn/discriminant_analysis.py,Python,.py,1013,45243
scikit-learn,sklearn/exceptions.py,Python,.py,187,7703
scikit-learn,sklearn/_config.py,Python,.py,340,16099
scikit-learn,sklearn/dummy.py,Python,.py,568,24390
scikit-learn,sklearn/base.py,Python,.py,1169,49206
scikit-learn,sklearn/calibration.py,Python,.py,1450,62711
scikit-learn,sklearn/tree/__init__.py,Python,.py,21,596
scikit-learn,sklearn/tree/_export.py,Python,.py,1054,43135
scikit-learn,sklearn/tree/_reingold_tilford.py,Python,.py,154,5157
scikit-learn,sklearn/tree/_classes.py,Python,.py,1867,91022
scikit-learn,sklearn/tree/tests/test_split.py,Python,.py,355,14489
scikit-learn,sklearn/tree/tests/test_monotonic_tree.py,Python,.py,469,19374
scikit-learn,sklearn/tree/tests/test_tree.py,Python,.py,3042,130366
scikit-learn,sklearn/tree/tests/test_reingold_tilford.py,Python,.py,43,1462
scikit-learn,sklearn/tree/tests/__init__.py,Python,.py,0,0
scikit-learn,sklearn/tree/tests/test_swap.py,Python,.py,36,1483
scikit-learn,sklearn/tree/tests/test_fenwick.py,Python,.py,41,1750
scikit-learn,sklearn/tree/tests/test_export.py,Python,.py,664,25480
scikit-learn,sklearn/metrics/_scorer.py,Python,.py,983,40742
scikit-learn,sklearn/metrics/_classification.py,Python,.py,3504,155867
scikit-learn,sklearn/metrics/_base.py,Python,.py,167,7603
scikit-learn,sklearn/metrics/_regression.py,Python,.py,1656,67885
scikit-learn,sklearn/metrics/__init__.py,Python,.py,189,5018
scikit-learn,sklearn/metrics/pairwise.py,Python,.py,2206,92535
scikit-learn,sklearn/metrics/_ranking.py,Python,.py,1996,89854
scikit-learn,sklearn/metrics/cluster/_bicluster.py,Python,.py,90,3647
scikit-learn,sklearn/metrics/cluster/__init__.py,Python,.py,52,1509
scikit-learn,sklearn/metrics/cluster/_unsupervised.py,Python,.py,404,17980
scikit-learn,sklearn/metrics/cluster/_supervised.py,Python,.py,1051,45473
scikit-learn,sklearn/metrics/cluster/tests/test_supervised.py,Python,.py,448,19629
scikit-learn,sklearn/metrics/cluster/tests/test_common.py,Python,.py,258,10320
scikit-learn,sklearn/metrics/cluster/tests/__init__.py,Python,.py,0,0
scikit-learn,sklearn/metrics/cluster/tests/test_bicluster.py,Python,.py,45,1719
scikit-learn,sklearn/metrics/cluster/tests/test_unsupervised.py,Python,.py,358,12269
scikit-learn,sklearn/metrics/_plot/regression.py,Python,.py,333,14706
scikit-learn,sklearn/metrics/_plot/det_curve.py,Python,.py,359,15101
scikit-learn,sklearn/metrics/_plot/precision_recall_curve.py,Python,.py,765,34959
scikit-learn,sklearn/metrics/_plot/__init__.py,Python,.py,2,79
scikit-learn,sklearn/metrics/_plot/roc_curve.py,Python,.py,615,26469
scikit-learn,sklearn/metrics/_plot/confusion_matrix.py,Python,.py,408,17363
scikit-learn,sklearn/metrics/_plot/tests/test_precision_recall_display.py,Python,.py,624,26401
scikit-learn,sklearn/metrics/_plot/tests/test_det_curve_display.py,Python,.py,109,4327
scikit-learn,sklearn/metrics/_plot/tests/__init__.py,Python,.py,0,0
scikit-learn,sklearn/metrics/_plot/tests/test_common_curve_display.py,Python,.py,761,30309
scikit-learn,sklearn/metrics/_plot/tests/test_confusion_matrix_display.py,Python,.py,299,13487
scikit-learn,sklearn/metrics/_plot/tests/test_predict_error_display.py,Python,.py,149,6007
scikit-learn,sklearn/metrics/_plot/tests/test_roc_curve_display.py,Python,.py,495,19314
scikit-learn,sklearn/metrics/tests/test_common.py,Python,.py,2590,101605
scikit-learn,sklearn/metrics/tests/test_score_objects.py,Python,.py,1441,60891
scikit-learn,sklearn/metrics/tests/test_dist_metrics.py,Python,.py,342,14995
scikit-learn,sklearn/metrics/tests/__init__.py,Python,.py,0,0
scikit-learn,sklearn/metrics/tests/test_ranking.py,Python,.py,2254,98138
scikit-learn,sklearn/metrics/tests/test_pairwise_distances_reduction.py,Python,.py,1435,53061
scikit-learn,sklearn/metrics/tests/test_pairwise.py,Python,.py,1553,65757
scikit-learn,sklearn/metrics/tests/test_classification.py,Python,.py,3176,134132
scikit-learn,sklearn/metrics/tests/test_regression.py,Python,.py,558,26253
scikit-learn,sklearn/metrics/_pairwise_distances_reduction/_dispatcher.py,Python,.py,646,30032
scikit-learn,sklearn/metrics/_pairwise_distances_reduction/__init__.py,Python,.py,108,5177
scikit-learn,sklearn/ensemble/_base.py,Python,.py,254,10604
scikit-learn,sklearn/ensemble/_forest.py,Python,.py,2555,119902
scikit-learn,sklearn/ensemble/_voting.py,Python,.py,597,25222
scikit-learn,sklearn/ensemble/_bootstrap.py,Python,.py,57,2589
scikit-learn,sklearn/ensemble/_bagging.py,Python,.py,1197,52904
scikit-learn,sklearn/ensemble/_gb.py,Python,.py,1866,86407
scikit-learn,sklearn/ensemble/_weight_boosting.py,Python,.py,895,39740
scikit-learn,sklearn/ensemble/__init__.py,Python,.py,42,1518
scikit-learn,sklearn/ensemble/_iforest.py,Python,.py,552,24517
scikit-learn,sklearn/ensemble/_stacking.py,Python,.py,956,43504
scikit-learn,sklearn/ensemble/tests/test_common.py,Python,.py,239,9191
scikit-learn,sklearn/ensemble/tests/test_voting.py,Python,.py,670,27269
scikit-learn,sklearn/ensemble/tests/test_forest.py,Python,.py,1584,66700
scikit-learn,sklearn/ensemble/tests/test_bagging.py,Python,.py,963,38900
scikit-learn,sklearn/ensemble/tests/__init__.py,Python,.py,0,0
scikit-learn,sklearn/ensemble/tests/test_stacking.py,Python,.py,886,33397
scikit-learn,sklearn/ensemble/tests/test_bootstrap.py,Python,.py,67,3042
scikit-learn,sklearn/ensemble/tests/test_weight_boosting.py,Python,.py,474,20710
scikit-learn,sklearn/ensemble/tests/test_gradient_boosting.py,Python,.py,1372,57958
scikit-learn,sklearn/ensemble/tests/test_iforest.py,Python,.py,309,13637
scikit-learn,sklearn/ensemble/tests/test_base.py,Python,.py,87,3667
scikit-learn,sklearn/ensemble/_hist_gradient_boosting/predictor.py,Python,.py,126,5122
scikit-learn,sklearn/ensemble/_hist_gradient_boosting/binning.py,Python,.py,338,16462
scikit-learn,sklearn/ensemble/_hist_gradient_boosting/gradient_boosting.py,Python,.py,1963,92657
scikit-learn,sklearn/ensemble/_hist_gradient_boosting/__init__.py,Python,.py,6,246
scikit-learn,sklearn/ensemble/_hist_gradient_boosting/grower.py,Python,.py,731,32849
scikit-learn,sklearn/ensemble/_hist_gradient_boosting/utils.py,Python,.py,126,5571
scikit-learn,sklearn/ensemble/_hist_gradient_boosting/tests/test_grower.py,Python,.py,536,23153
scikit-learn,sklearn/ensemble/_hist_gradient_boosting/tests/test_binning.py,Python,.py,469,20414
scikit-learn,sklearn/ensemble/_hist_gradient_boosting/tests/__init__.py,Python,.py,0,0
scikit-learn,sklearn/ensemble/_hist_gradient_boosting/tests/test_splitting.py,Python,.py,972,38639
scikit-learn,sklearn/ensemble/_hist_gradient_boosting/tests/test_predictor.py,Python,.py,152,6319
scikit-learn,sklearn/ensemble/_hist_gradient_boosting/tests/test_monotonic_constraints.py,Python,.py,381,16937
scikit-learn,sklearn/ensemble/_hist_gradient_boosting/tests/test_gradient_boosting.py,Python,.py,1489,63623
scikit-learn,sklearn/ensemble/_hist_gradient_boosting/tests/test_warm_start.py,Python,.py,196,7933
scikit-learn,sklearn/ensemble/_hist_gradient_boosting/tests/test_compare_lightgbm.py,Python,.py,237,10109
scikit-learn,sklearn/ensemble/_hist_gradient_boosting/tests/test_histogram.py,Python,.py,210,8681
scikit-learn,sklearn/experimental/__init__.py,Python,.py,7,305
scikit-learn,sklearn/experimental/enable_hist_gradient_boosting.py,Python,.py,19,828
scikit-learn,sklearn/experimental/enable_halving_search_cv.py,Python,.py,26,1303
scikit-learn,sklearn/experimental/enable_iterative_imputer.py,Python,.py,17,756
scikit-learn,sklearn/experimental/tests/test_enable_hist_gradient_boosting.py,Python,.py,18,752
scikit-learn,sklearn/experimental/tests/test_enable_iterative_imputer.py,Python,.py,14,662
scikit-learn,sklearn/experimental/tests/__init__.py,Python,.py,0,0
scikit-learn,sklearn/experimental/tests/test_enable_successive_halving.py,Python,.py,43,1896
scikit-learn,sklearn/cluster/_agglomerative.py,Python,.py,1104,49491
scikit-learn,sklearn/cluster/_optics.py,Python,.py,1024,45159
scikit-learn,sklearn/cluster/_dbscan.py,Python,.py,427,20733
scikit-learn,sklearn/cluster/_bicluster.py,Python,.py,515,22134
scikit-learn,sklearn/cluster/_feature_agglomeration.py,Python,.py,62,2439
scikit-learn,sklearn/cluster/__init__.py,Python,.py,61,1675
scikit-learn,sklearn/cluster/_kmeans.py,Python,.py,1911,82531
scikit-learn,sklearn/cluster/_spectral.py,Python,.py,663,31014
scikit-learn,sklearn/cluster/_bisect_k_means.py,Python,.py,435,19608
scikit-learn,sklearn/cluster/_affinity_propagation.py,Python,.py,503,20752
scikit-learn,sklearn/cluster/_birch.py,Python,.py,605,26062
scikit-learn,sklearn/cluster/_mean_shift.py,Python,.py,472,20329
scikit-learn,sklearn/cluster/tests/test_mean_shift.py,Python,.py,172,7196
scikit-learn,sklearn/cluster/tests/test_k_means.py,Python,.py,1122,49197
scikit-learn,sklearn/cluster/tests/test_feature_agglomeration.py,Python,.py,43,1965
scikit-learn,sklearn/cluster/tests/test_dbscan.py,Python,.py,378,17093
scikit-learn,sklearn/cluster/tests/test_birch.py,Python,.py,194,8606
scikit-learn,sklearn/cluster/tests/test_affinity_propagation.py,Python,.py,251,11898
scikit-learn,sklearn/cluster/tests/test_optics.py,Python,.py,779,25431
scikit-learn,sklearn/cluster/tests/__init__.py,Python,.py,0,0
scikit-learn,sklearn/cluster/tests/test_bisect_k_means.py,Python,.py,122,5567
scikit-learn,sklearn/cluster/tests/test_hierarchical.py,Python,.py,774,33144
scikit-learn,sklearn/cluster/tests/common.py,Python,.py,30,880
scikit-learn,sklearn/cluster/tests/test_bicluster.py,Python,.py,220,9154
scikit-learn,sklearn/cluster/tests/test_hdbscan.py,Python,.py,504,20336
scikit-learn,sklearn/cluster/tests/test_spectral.py,Python,.py,275,11828
scikit-learn,sklearn/cluster/_hdbscan/__init__.py,Python,.py,2,79
scikit-learn,sklearn/cluster/_hdbscan/hdbscan.py,Python,.py,877,41786
scikit-learn,sklearn/cluster/_hdbscan/tests/__init__.py,Python,.py,0,0
scikit-learn,sklearn/cluster/_hdbscan/tests/test_reachibility.py,Python,.py,48,2065
scikit-learn,sklearn/feature_extraction/_hash.py,Python,.py,172,7909
scikit-learn,sklearn/feature_extraction/__init__.py,Python,.py,15,499
scikit-learn,sklearn/feature_extraction/_dict_vectorizer.py,Python,.py,377,16065
scikit-learn,sklearn/feature_extraction/_stop_words.py,Python,.py,327,5725
scikit-learn,sklearn/feature_extraction/text.py,Python,.py,1787,77448
scikit-learn,sklearn/feature_extraction/image.py,Python,.py,585,23680
scikit-learn,sklearn/feature_extraction/tests/test_dict_vectorizer.py,Python,.py,201,8256
scikit-learn,sklearn/feature_extraction/tests/test_image.py,Python,.py,301,13183
scikit-learn,sklearn/feature_extraction/tests/__init__.py,Python,.py,0,0
scikit-learn,sklearn/feature_extraction/tests/test_text.py,Python,.py,1357,53369
scikit-learn,sklearn/feature_extraction/tests/test_feature_hasher.py,Python,.py,132,5734
scikit-learn,sklearn/__check_build/__init__.py,Python,.py,45,1880
scikit-learn,sklearn/_loss/link.py,Python,.py,194,7487
scikit-learn,sklearn/_loss/__init__.py,Python,.py,34,830
scikit-learn,sklearn/_loss/loss.py,Python,.py,1596,64059
scikit-learn,sklearn/_loss/tests/test_link.py,Python,.py,121,5032
scikit-learn,sklearn/_loss/tests/__init__.py,Python,.py,0,0
scikit-learn,sklearn/_loss/tests/test_loss.py,Python,.py,1402,56086
scikit-learn,sklearn/semi_supervised/__init__.py,Python,.py,9,481
scikit-learn,sklearn/semi_supervised/_label_propagation.py,Python,.py,526,21808
scikit-learn,sklearn/semi_supervised/_self_training.py,Python,.py,482,20223
scikit-learn,sklearn/semi_supervised/tests/test_self_training.py,Python,.py,301,13794
scikit-learn,sklearn/semi_supervised/tests/__init__.py,Python,.py,0,0
scikit-learn,sklearn/semi_supervised/tests/test_label_propagation.py,Python,.py,218,9889
scikit-learn,sklearn/gaussian_process/_gpc.py,Python,.py,813,39387
scikit-learn,sklearn/gaussian_process/__init__.py,Python,.py,7,401
scikit-learn,sklearn/gaussian_process/kernels.py,Python,.py,1991,85311
scikit-learn,sklearn/gaussian_process/_gpr.py,Python,.py,575,28281
scikit-learn,sklearn/gaussian_process/tests/__init__.py,Python,.py,0,0
scikit-learn,sklearn/gaussian_process/tests/test_gpr.py,Python,.py,696,30834
scikit-learn,sklearn/gaussian_process/tests/test_kernels.py,Python,.py,342,14492
scikit-learn,sklearn/gaussian_process/tests/_mini_sequence_kernel.py,Python,.py,43,1571
scikit-learn,sklearn/gaussian_process/tests/test_gpc.py,Python,.py,275,11928
scikit-learn,sklearn/compose/_target.py,Python,.py,344,15249
scikit-learn,sklearn/compose/__init__.py,Python,.py,19,661
scikit-learn,sklearn/compose/_column_transformer.py,Python,.py,1302,60522
scikit-learn,sklearn/compose/tests/test_target.py,Python,.py,365,15257
scikit-learn,sklearn/compose/tests/__init__.py,Python,.py,0,0
scikit-learn,sklearn/compose/tests/test_column_transformer.py,Python,.py,2469,98554
scikit-learn,sklearn/datasets/_base.py,Python,.py,1354,54126
scikit-learn,sklearn/datasets/_samples_generator.py,Python,.py,1948,77213
scikit-learn,sklearn/datasets/_olivetti_faces.py,Python,.py,152,6072
scikit-learn,sklearn/datasets/_kddcup99.py,Python,.py,352,13865
scikit-learn,sklearn/datasets/_california_housing.py,Python,.py,194,7237
scikit-learn,sklearn/datasets/_species_distributions.py,Python,.py,230,9382
scikit-learn,sklearn/datasets/_covtype.py,Python,.py,209,8118
scikit-learn,sklearn/datasets/__init__.py,Python,.py,151,5391
scikit-learn,sklearn/datasets/_arff_parser.py,Python,.py,460,19348
scikit-learn,sklearn/datasets/_rcv1.py,Python,.py,285,12055
scikit-learn,sklearn/datasets/_lfw.py,Python,.py,544,22681
scikit-learn,sklearn/datasets/_svmlight_format_io.py,Python,.py,499,20969
scikit-learn,sklearn/datasets/_twenty_newsgroups.py,Python,.py,515,20867
scikit-learn,sklearn/datasets/_openml.py,Python,.py,1009,43020
scikit-learn,sklearn/datasets/images/__init__.py,Python,.py,2,79
scikit-learn,sklearn/datasets/tests/test_california_housing.py,Python,.py,28,1369
scikit-learn,sklearn/datasets/tests/test_common.py,Python,.py,108,4392
scikit-learn,sklearn/datasets/tests/test_lfw.py,Python,.py,184,7798
scikit-learn,sklearn/datasets/tests/test_arff_parser.py,Python,.py,287,9612
scikit-learn,sklearn/datasets/tests/test_rcv1.py,Python,.py,55,2343
scikit-learn,sklearn/datasets/tests/test_kddcup99.py,Python,.py,70,2601
scikit-learn,sklearn/datasets/tests/__init__.py,Python,.py,0,0
scikit-learn,sklearn/datasets/tests/test_covtype.py,Python,.py,38,1757
scikit-learn,sklearn/datasets/tests/test_svmlight_format.py,Python,.py,492,20222
scikit-learn,sklearn/datasets/tests/test_20news.py,Python,.py,114,5340
scikit-learn,sklearn/datasets/tests/test_samples_generator.py,Python,.py,620,23972
scikit-learn,sklearn/datasets/tests/test_openml.py,Python,.py,1478,56880
scikit-learn,sklearn/datasets/tests/test_base.py,Python,.py,600,25137
scikit-learn,sklearn/datasets/tests/test_olivetti_faces.py,Python,.py,19,919
scikit-learn,sklearn/datasets/tests/data/__init__.py,Python,.py,0,0
scikit-learn,sklearn/datasets/tests/data/openml/__init__.py,Python,.py,0,0
scikit-learn,sklearn/datasets/tests/data/openml/id_561/__init__.py,Python,.py,0,0
scikit-learn,sklearn/datasets/tests/data/openml/id_62/__init__.py,Python,.py,0,0
scikit-learn,sklearn/datasets/tests/data/openml/id_42074/__init__.py,Python,.py,0,0
scikit-learn,sklearn/datasets/tests/data/openml/id_40589/__init__.py,Python,.py,0,0
scikit-learn,sklearn/datasets/tests/data/openml/id_40675/__init__.py,Python,.py,0,0
scikit-learn,sklearn/datasets/tests/data/openml/id_1/__init__.py,Python,.py,0,0
scikit-learn,sklearn/datasets/tests/data/openml/id_42585/__init__.py,Python,.py,0,0
scikit-learn,sklearn/datasets/tests/data/openml/id_292/__init__.py,Python,.py,0,0
scikit-learn,sklearn/datasets/tests/data/openml/id_1590/__init__.py,Python,.py,0,0
scikit-learn,sklearn/datasets/tests/data/openml/id_61/__init__.py,Python,.py,0,0
scikit-learn,sklearn/datasets/tests/data/openml/id_40945/__init__.py,Python,.py,0,0
scikit-learn,sklearn/datasets/tests/data/openml/id_1119/__init__.py,Python,.py,0,0
scikit-learn,sklearn/datasets/tests/data/openml/id_2/__init__.py,Python,.py,0,0
scikit-learn,sklearn/datasets/tests/data/openml/id_3/__init__.py,Python,.py,0,0
scikit-learn,sklearn/datasets/tests/data/openml/id_40966/__init__.py,Python,.py,0,0
scikit-learn,sklearn/datasets/descr/__init__.py,Python,.py,2,79
scikit-learn,sklearn/datasets/data/__init__.py,Python,.py,2,79
scikit-learn,sklearn/externals/conftest.py,Python,.py,6,312
scikit-learn,sklearn/externals/__init__.py,Python,.py,3,42
scikit-learn,sklearn/externals/_array_api_compat_vendor.py,Python,.py,4,198
scikit-learn,sklearn/externals/_arff.py,Python,.py,890,38369
scikit-learn,sklearn/externals/array_api_compat/_internal.py,Python,.py,55,2072
scikit-learn,sklearn/externals/array_api_compat/__init__.py,Python,.py,17,986
scikit-learn,sklearn/externals/array_api_compat/dask/__init__.py,Python,.py,0,0
scikit-learn,sklearn/externals/array_api_compat/dask/array/_info.py,Python,.py,351,12242
scikit-learn,sklearn/externals/array_api_compat/dask/array/__init__.py,Python,.py,19,685
scikit-learn,sklearn/externals/array_api_compat/dask/array/_aliases.py,Python,.py,309,10432
scikit-learn,sklearn/externals/array_api_compat/dask/array/linalg.py,Python,.py,51,2140
scikit-learn,sklearn/externals/array_api_compat/dask/array/fft.py,Python,.py,10,333
scikit-learn,sklearn/externals/array_api_compat/cupy/_typing.py,Python,.py,26,607
scikit-learn,sklearn/externals/array_api_compat/cupy/_info.py,Python,.py,290,10130
scikit-learn,sklearn/externals/array_api_compat/cupy/__init__.py,Python,.py,18,744
scikit-learn,sklearn/externals/array_api_compat/cupy/_aliases.py,Python,.py,172,6400
scikit-learn,sklearn/externals/array_api_compat/cupy/linalg.py,Python,.py,50,1845
scikit-learn,sklearn/externals/array_api_compat/cupy/fft.py,Python,.py,29,872
scikit-learn,sklearn/externals/array_api_compat/torch/_typing.py,Python,.py,2,108
scikit-learn,sklearn/externals/array_api_compat/torch/_info.py,Python,.py,319,11896
scikit-learn,sklearn/externals/array_api_compat/torch/__init__.py,Python,.py,18,641
scikit-learn,sklearn/externals/array_api_compat/torch/_aliases.py,Python,.py,817,33803
scikit-learn,sklearn/externals/array_api_compat/torch/linalg.py,Python,.py,95,4560
scikit-learn,sklearn/externals/array_api_compat/torch/fft.py,Python,.py,68,1903
scikit-learn,sklearn/externals/array_api_compat/numpy/_typing.py,Python,.py,21,605
scikit-learn,sklearn/externals/array_api_compat/numpy/_info.py,Python,.py,313,10795
scikit-learn,sklearn/externals/array_api_compat/numpy/__init__.py,Python,.py,27,1050
scikit-learn,sklearn/externals/array_api_compat/numpy/_aliases.py,Python,.py,160,5666
scikit-learn,sklearn/externals/array_api_compat/numpy/linalg.py,Python,.py,178,6517
scikit-learn,sklearn/externals/array_api_compat/numpy/fft.py,Python,.py,22,714
scikit-learn,sklearn/externals/array_api_compat/common/_fft.py,Python,.py,193,4669
scikit-learn,sklearn/externals/array_api_compat/common/_typing.py,Python,.py,145,4498
scikit-learn,sklearn/externals/array_api_compat/common/__init__.py,Python,.py,1,38
scikit-learn,sklearn/externals/array_api_compat/common/_linalg.py,Python,.py,201,6882
scikit-learn,sklearn/externals/array_api_compat/common/_aliases.py,Python,.py,580,18988
scikit-learn,sklearn/externals/array_api_compat/common/_helpers.py,Python,.py,890,33336
scikit-learn,sklearn/externals/_scipy/__init__.py,Python,.py,0,0
scikit-learn,sklearn/externals/_scipy/sparse/__init__.py,Python,.py,0,0
scikit-learn,sklearn/externals/_scipy/sparse/csgraph/_laplacian.py,Python,.py,455,18194
scikit-learn,sklearn/externals/_scipy/sparse/csgraph/__init__.py,Python,.py,1,34
scikit-learn,sklearn/externals/array_api_extra/_statistical.py,Python,.py,362,14681
scikit-learn,sklearn/externals/array_api_extra/_creation.py,Python,.py,124,4581
scikit-learn,sklearn/externals/array_api_extra/_set.py,Python,.py,175,6288
scikit-learn,sklearn/externals/array_api_extra/_at.py,Python,.py,380,15555
scikit-learn,sklearn/externals/array_api_extra/_lazy.py,Python,.py,278,13392
scikit-learn,sklearn/externals/array_api_extra/_searching.py,Python,.py,72,3163
scikit-learn,sklearn/externals/array_api_extra/__init__.py,Python,.py,53,1356
scikit-learn,sklearn/externals/array_api_extra/_linalg.py,Python,.py,81,3045
scikit-learn,sklearn/externals/array_api_extra/_elementwise.py,Python,.py,307,12833
scikit-learn,sklearn/externals/array_api_extra/_sorting.py,Python,.py,172,6638
scikit-learn,sklearn/externals/array_api_extra/_manipulation.py,Python,.py,238,8975
scikit-learn,sklearn/externals/array_api_extra/_indexing.py,Python,.py,227,8271
scikit-learn,sklearn/externals/array_api_extra/_lib/_typing.py,Python,.py,33,717
scikit-learn,sklearn/externals/array_api_extra/_lib/__init__.py,Python,.py,1,36
scikit-learn,sklearn/externals/array_api_extra/_lib/_backends.py,Python,.py,58,2170
scikit-learn,sklearn/externals/array_api_extra/_lib/_testing.py,Python,.py,27,1023
scikit-learn,sklearn/externals/array_api_extra/_lib/_compat.py,Python,.py,72,1803
scikit-learn,sklearn/externals/array_api_extra/_lib/_helpers.py,Python,.py,508,20043
scikit-learn,sklearn/externals/array_api_extra/testing/__init__.py,Python,.py,17,340
scikit-learn,sklearn/externals/array_api_extra/testing/_testing.py,Python,.py,867,37405
scikit-learn,sklearn/externals/array_api_extra/_agnostic/_statistical.py,Python,.py,161,5549
scikit-learn,sklearn/externals/array_api_extra/_agnostic/_creation.py,Python,.py,36,1491
scikit-learn,sklearn/externals/array_api_extra/_agnostic/_set.py,Python,.py,73,2794
scikit-learn,sklearn/externals/array_api_extra/_agnostic/_searching.py,Python,.py,34,1348
scikit-learn,sklearn/externals/array_api_extra/_agnostic/__init__.py,Python,.py,25,411
scikit-learn,sklearn/externals/array_api_extra/_agnostic/_linalg.py,Python,.py,35,1450
scikit-learn,sklearn/externals/array_api_extra/_agnostic/_elementwise.py,Python,.py,298,11284
scikit-learn,sklearn/externals/array_api_extra/_agnostic/_sorting.py,Python,.py,23,681
scikit-learn,sklearn/externals/array_api_extra/_agnostic/_manipulation.py,Python,.py,79,3064
scikit-learn,sklearn/externals/array_api_extra/_agnostic/_inspection.py,Python,.py,37,1479
scikit-learn,sklearn/externals/array_api_extra/_agnostic/_indexing.py,Python,.py,56,1993
scikit-learn,sklearn/externals/_numpydoc/docscrape.py,Python,.py,634,23691
scikit-learn,sklearn/externals/_packaging/version.py,Python,.py,417,16133
scikit-learn,sklearn/externals/_packaging/__init__.py,Python,.py,0,0
scikit-learn,sklearn/externals/_packaging/_structures.py,Python,.py,62,2922
scikit-learn,sklearn/tests/test_metaestimators.py,Python,.py,293,11585
scikit-learn,sklearn/tests/test_common.py,Python,.py,353,13720
scikit-learn,sklearn/tests/test_public_functions.py,Python,.py,371,16836
scikit-learn,sklearn/tests/test_multioutput.py,Python,.py,694,30147
scikit-learn,sklearn/tests/test_isotonic.py,Python,.py,539,21822
scikit-learn,sklearn/tests/test_docstring_parameters.py,Python,.py,304,12628
scikit-learn,sklearn/tests/__init__.py,Python,.py,0,0
scikit-learn,sklearn/tests/test_dummy.py,Python,.py,536,22085
scikit-learn,sklearn/tests/test_check_build.py,Python,.py,10,300
scikit-learn,sklearn/tests/test_discriminant_analysis.py,Python,.py,730,30452
scikit-learn,sklearn/tests/test_build.py,Python,.py,91,4339
scikit-learn,sklearn/tests/test_multiclass.py,Python,.py,787,33988
scikit-learn,sklearn/tests/test_min_dependencies_consistency.py,Python,.py,187,7869
scikit-learn,sklearn/tests/test_docstrings.py,Python,.py,175,7476
scikit-learn,sklearn/tests/test_config.py,Python,.py,135,5911
scikit-learn,sklearn/tests/test_kernel_ridge.py,Python,.py,62,2888
scikit-learn,sklearn/tests/test_metadata_routing.py,Python,.py,1093,46699
scikit-learn,sklearn/tests/test_calibration.py,Python,.py,1144,52656
scikit-learn,sklearn/tests/test_metaestimators_metadata_routing.py,Python,.py,1002,38502
scikit-learn,sklearn/tests/test_naive_bayes.py,Python,.py,858,38211
scikit-learn,sklearn/tests/test_base.py,Python,.py,863,35566
scikit-learn,sklearn/tests/test_init.py,Python,.py,13,500
scikit-learn,sklearn/tests/test_pipeline.py,Python,.py,2226,92663
scikit-learn,sklearn/tests/test_random_projection.py,Python,.py,479,19583
scikit-learn,sklearn/tests/metadata_routing_common.py,Python,.py,500,22020
scikit-learn,sklearn/tests/test_kernel_approximation.py,Python,.py,435,18427
scikit-learn,sklearn/tests/test_docstring_parameters_consistency.py,Python,.py,105,4171
scikit-learn,sklearn/linear_model/_quantile.py,Python,.py,255,10552
scikit-learn,sklearn/linear_model/_base.py,Python,.py,763,31048
scikit-learn,sklearn/linear_model/_least_angle.py,Python,.py,1939,83080
scikit-learn,sklearn/linear_model/_sag.py,Python,.py,306,12350
scikit-learn,sklearn/linear_model/_passive_aggressive.py,Python,.py,506,21164
scikit-learn,sklearn/linear_model/__init__.py,Python,.py,104,2766
scikit-learn,sklearn/linear_model/_logistic.py,Python,.py,2342,104696
scikit-learn,sklearn/linear_model/_omp.py,Python,.py,962,39398
scikit-learn,sklearn/linear_model/_perceptron.py,Python,.py,178,7593
scikit-learn,sklearn/linear_model/_theil_sen.py,Python,.py,369,15729
scikit-learn,sklearn/linear_model/_linear_loss.py,Python,.py,872,39958
scikit-learn,sklearn/linear_model/_coordinate_descent.py,Python,.py,2851,120711
scikit-learn,sklearn/linear_model/_ridge.py,Python,.py,2516,108707
scikit-learn,sklearn/linear_model/_stochastic_gradient.py,Python,.py,2279,94072
scikit-learn,sklearn/linear_model/_huber.py,Python,.py,298,12752
scikit-learn,sklearn/linear_model/_bayes.py,Python,.py,678,29065
scikit-learn,sklearn/linear_model/_ransac.py,Python,.py,603,25710
scikit-learn,sklearn/linear_model/_glm/glm.py,Python,.py,1011,46078
scikit-learn,sklearn/linear_model/_glm/__init__.py,Python,.py,14,343
scikit-learn,sklearn/linear_model/_glm/_newton_solver.py,Python,.py,1408,67199
scikit-learn,sklearn/linear_model/_glm/tests/test_glm.py,Python,.py,1193,50638
scikit-learn,sklearn/linear_model/_glm/tests/__init__.py,Python,.py,2,79
scikit-learn,sklearn/linear_model/_glm/tests/test_newton_solver.py,Python,.py,63,3027
scikit-learn,sklearn/linear_model/tests/test_logistic.py,Python,.py,2818,117708
scikit-learn,sklearn/linear_model/tests/test_sgd.py,Python,.py,1906,74756
scikit-learn,sklearn/linear_model/tests/test_common.py,Python,.py,269,9749
scikit-learn,sklearn/linear_model/tests/test_huber.py,Python,.py,171,7615
scikit-learn,sklearn/linear_model/tests/test_bayes.py,Python,.py,257,11933
scikit-learn,sklearn/linear_model/tests/test_theil_sen.py,Python,.py,251,9938
scikit-learn,sklearn/linear_model/tests/test_ridge.py,Python,.py,2295,95558
scikit-learn,sklearn/linear_model/tests/test_passive_aggressive.py,Python,.py,284,11817
scikit-learn,sklearn/linear_model/tests/__init__.py,Python,.py,0,0
scikit-learn,sklearn/linear_model/tests/test_least_angle.py,Python,.py,720,29667
scikit-learn,sklearn/linear_model/tests/test_quantile.py,Python,.py,247,10689
scikit-learn,sklearn/linear_model/tests/test_ransac.py,Python,.py,435,16794
scikit-learn,sklearn/linear_model/tests/test_coordinate_descent.py,Python,.py,1574,65569
scikit-learn,sklearn/linear_model/tests/test_sparse_coordinate_descent.py,Python,.py,342,12983
scikit-learn,sklearn/linear_model/tests/test_perceptron.py,Python,.py,65,2608
scikit-learn,sklearn/linear_model/tests/test_sag.py,Python,.py,743,25872
scikit-learn,sklearn/linear_model/tests/test_base.py,Python,.py,749,31219
scikit-learn,sklearn/linear_model/tests/test_linear_loss.py,Python,.py,461,17912
scikit-learn,sklearn/linear_model/tests/test_omp.py,Python,.py,222,9344
scikit-learn,sklearn/impute/_base.py,Python,.py,954,42890
scikit-learn,sklearn/impute/_knn.py,Python,.py,334,14967
scikit-learn,sklearn/impute/__init__.py,Python,.py,7,376
scikit-learn,sklearn/impute/_iterative.py,Python,.py,831,38455
scikit-learn,sklearn/impute/tests/test_common.py,Python,.py,179,7217
scikit-learn,sklearn/impute/tests/__init__.py,Python,.py,0,0
scikit-learn,sklearn/impute/tests/test_knn.py,Python,.py,463,17540
scikit-learn,sklearn/impute/tests/test_base.py,Python,.py,79,3361
scikit-learn,sklearn/impute/tests/test_impute.py,Python,.py,1580,65814
scikit-learn,sklearn/utils/optimize.py,Python,.py,435,15666
scikit-learn,sklearn/utils/_missing.py,Python,.py,52,1501
scikit-learn,sklearn/utils/_arpack.py,Python,.py,26,1223
scikit-learn,sklearn/utils/_dataframe.py,Python,.py,81,2431
scikit-learn,sklearn/utils/_chunking.py,Python,.py,152,5457
scikit-learn,sklearn/utils/fixes.py,Python,.py,465,19905
scikit-learn,sklearn/utils/_available_if.py,Python,.py,79,2945
scikit-learn,sklearn/utils/discovery.py,Python,.py,221,8743
scikit-learn,sklearn/utils/_user_interface.py,Python,.py,45,1485
scikit-learn,sklearn/utils/deprecation.py,Python,.py,94,3489
scikit-learn,sklearn/utils/_array_api.py,Python,.py,1065,48233
scikit-learn,sklearn/utils/_sparse.py,Python,.py,31,1233
scikit-learn,sklearn/utils/estimator_checks.py,Python,.py,4845,210003
scikit-learn,sklearn/utils/multiclass.py,Python,.py,501,21357
scikit-learn,sklearn/utils/_response.py,Python,.py,246,11590
scikit-learn,sklearn/utils/graph.py,Python,.py,137,5714
scikit-learn,sklearn/utils/_bunch.py,Python,.py,57,2175
scikit-learn,sklearn/utils/__init__.py,Python,.py,79,2395
scikit-learn,sklearn/utils/_plotting.py,Python,.py,398,17520
scikit-learn,sklearn/utils/_pprint.py,Python,.py,409,18502
scikit-learn,sklearn/utils/_optional_dependencies.py,Python,.py,48,1735
scikit-learn,sklearn/utils/metadata_routing.py,Python,.py,22,611
scikit-learn,sklearn/utils/random.py,Python,.py,82,3798
scikit-learn,sklearn/utils/_mocking.py,Python,.py,340,13692
scikit-learn,sklearn/utils/_unique.py,Python,.py,80,2972
scikit-learn,sklearn/utils/stats.py,Python,.py,227,11770
scikit-learn,sklearn/utils/_set_output.py,Python,.py,358,15136
scikit-learn,sklearn/utils/class_weight.py,Python,.py,211,9353
scikit-learn,sklearn/utils/_show_versions.py,Python,.py,87,2586
scikit-learn,sklearn/utils/_metadata_requests.py,Python,.py,1560,71259
scikit-learn,sklearn/utils/metaestimators.py,Python,.py,144,6582
scikit-learn,sklearn/utils/_testing.py,Python,.py,1340,55297
scikit-learn,sklearn/utils/extmath.py,Python,.py,1252,51779
scikit-learn,sklearn/utils/_encode.py,Python,.py,271,10934
scikit-learn,sklearn/utils/parallel.py,Python,.py,171,8102
scikit-learn,sklearn/utils/sparsefuncs.py,Python,.py,666,24891
scikit-learn,sklearn/utils/_tags.py,Python,.py,234,10029
scikit-learn,sklearn/utils/_param_validation.py,Python,.py,698,28604
scikit-learn,sklearn/utils/_mask.py,Python,.py,143,5004
scikit-learn,sklearn/utils/_indexing.py,Python,.py,576,24036
scikit-learn,sklearn/utils/validation.py,Python,.py,2555,112248
scikit-learn,sklearn/utils/tests/test_deprecation.py,Python,.py,68,2262
scikit-learn,sklearn/utils/tests/test_set_output.py,Python,.py,344,16107
scikit-learn,sklearn/utils/tests/test_pprint.py,Python,.py,606,27769
scikit-learn,sklearn/utils/tests/test_arrayfuncs.py,Python,.py,29,1361
scikit-learn,sklearn/utils/tests/test_weight_vector.py,Python,.py,20,665
scikit-learn,sklearn/utils/tests/test_metaestimators.py,Python,.py,47,2107
scikit-learn,sklearn/utils/tests/test_bitset.py,Python,.py,55,2008
scikit-learn,sklearn/utils/tests/test_seq_dataset.py,Python,.py,147,6051
scikit-learn,sklearn/utils/tests/test_plotting.py,Python,.py,484,20323
scikit-learn,sklearn/utils/tests/test_stats.py,Python,.py,469,20497
scikit-learn,sklearn/utils/tests/test_response.py,Python,.py,394,16662
scikit-learn,sklearn/utils/tests/test_validation.py,Python,.py,2156,88056
scikit-learn,sklearn/utils/tests/test_sparse.py,Python,.py,67,2930
scikit-learn,sklearn/utils/tests/test_missing.py,Python,.py,24,709
scikit-learn,sklearn/utils/tests/test_tags.py,Python,.py,122,4801
scikit-learn,sklearn/utils/tests/test_mask.py,Python,.py,14,537
scikit-learn,sklearn/utils/tests/test_sorting.py,Python,.py,53,2226
scikit-learn,sklearn/utils/tests/test_optimize.py,Python,.py,203,8351
scikit-learn,sklearn/utils/tests/test_show_versions.py,Python,.py,30,1036
scikit-learn,sklearn/utils/tests/test_chunking.py,Python,.py,61,2371
scikit-learn,sklearn/utils/tests/test_shortest_path.py,Python,.py,44,1846
scikit-learn,sklearn/utils/tests/test_cython_blas.py,Python,.py,186,6709
scikit-learn,sklearn/utils/tests/test_fast_dict.py,Python,.py,35,1355
scikit-learn,sklearn/utils/tests/test_arpack.py,Python,.py,12,489
scikit-learn,sklearn/utils/tests/__init__.py,Python,.py,0,0
scikit-learn,sklearn/utils/tests/test_param_validation.py,Python,.py,647,24474
scikit-learn,sklearn/utils/tests/test_class_weight.py,Python,.py,273,12957
scikit-learn,sklearn/utils/tests/test_indexing.py,Python,.py,587,25574
scikit-learn,sklearn/utils/tests/test_estimator_checks.py,Python,.py,1472,63256
scikit-learn,sklearn/utils/tests/test_bunch.py,Python,.py,24,813
scikit-learn,sklearn/utils/tests/test_multiclass.py,Python,.py,581,23777
scikit-learn,sklearn/utils/tests/test_parallel.py,Python,.py,157,7589
scikit-learn,sklearn/utils/tests/test_array_api.py,Python,.py,802,35663
scikit-learn,sklearn/utils/tests/test_fixes.py,Python,.py,181,6501
scikit-learn,sklearn/utils/tests/test_sparsefuncs.py,Python,.py,940,37643
scikit-learn,sklearn/utils/tests/test_encode.py,Python,.py,189,8257
scikit-learn,sklearn/utils/tests/test_mocking.py,Python,.py,163,5895
scikit-learn,sklearn/utils/tests/test_murmurhash.py,Python,.py,50,2516
scikit-learn,sklearn/utils/tests/test_user_interface.py,Python,.py,56,1772
scikit-learn,sklearn/utils/tests/test_unique.py,Python,.py,40,1820
scikit-learn,sklearn/utils/tests/test_graph.py,Python,.py,60,3047
scikit-learn,sklearn/utils/tests/test_extmath.py,Python,.py,963,41119
scikit-learn,sklearn/utils/tests/test_typedefs.py,Python,.py,22,735
scikit-learn,sklearn/utils/tests/test_random.py,Python,.py,148,7149
scikit-learn,sklearn/utils/tests/test_dataframe.py,Python,.py,44,1740
scikit-learn,sklearn/utils/tests/test_testing.py,Python,.py,946,33390
scikit-learn,sklearn/utils/_repr_html/params.py,Python,.py,104,4521
scikit-learn,sklearn/utils/_repr_html/__init__.py,Python,.py,2,79
scikit-learn,sklearn/utils/_repr_html/features.py,Python,.py,65,2413
scikit-learn,sklearn/utils/_repr_html/estimator.js,JavaScript,.js,148,6117
scikit-learn,sklearn/utils/_repr_html/common.py,Python,.py,64,2654
scikit-learn,sklearn/utils/_repr_html/fitted_attributes.py,Python,.py,136,5177
scikit-learn,sklearn/utils/_repr_html/estimator.py,Python,.py,504,21097
scikit-learn,sklearn/utils/_repr_html/base.py,Python,.py,138,6412
scikit-learn,sklearn/utils/_repr_html/tests/test_features.py,Python,.py,215,8346
scikit-learn,sklearn/utils/_repr_html/tests/test_estimator.py,Python,.py,507,22022
scikit-learn,sklearn/utils/_repr_html/tests/__init__.py,Python,.py,0,0
scikit-learn,sklearn/utils/_repr_html/tests/test_js.py,Python,.py,147,5918
scikit-learn,sklearn/utils/_repr_html/tests/test_params.py,Python,.py,195,7905
scikit-learn,sklearn/utils/_repr_html/tests/test_attributes.py,Python,.py,165,5803
scikit-learn,sklearn/utils/_test_common/__init__.py,Python,.py,2,79
scikit-learn,sklearn/utils/_test_common/instance_generator.py,Python,.py,1360,55206
scikit-learn,sklearn/utils/src/MurmurHash3.h,C/C++,.h,28,1155
scikit-learn,sklearn/utils/src/MurmurHash3.cpp,C++,.cpp,246,7968
scikit-learn,sklearn/covariance/_graph_lasso.py,Python,.py,974,40794
scikit-learn,sklearn/covariance/_empirical_covariance.py,Python,.py,341,13972
scikit-learn,sklearn/covariance/_shrunk_covariance.py,Python,.py,692,29370
scikit-learn,sklearn/covariance/_elliptic_envelope.py,Python,.py,215,9097
scikit-learn,sklearn/covariance/__init__.py,Python,.py,46,1278
scikit-learn,sklearn/covariance/_robust_covariance.py,Python,.py,802,36429
scikit-learn,sklearn/covariance/tests/__init__.py,Python,.py,0,0
scikit-learn,sklearn/covariance/tests/test_covariance.py,Python,.py,494,22422
scikit-learn,sklearn/covariance/tests/test_robust_covariance.py,Python,.py,168,7516
scikit-learn,sklearn/covariance/tests/test_graphical_lasso.py,Python,.py,287,11455
scikit-learn,sklearn/covariance/tests/test_elliptic_envelope.py,Python,.py,45,1587
scikit-learn,sklearn/neural_network/_base.py,Python,.py,215,7983
scikit-learn,sklearn/neural_network/_rbm.py,Python,.py,360,14998
scikit-learn,sklearn/neural_network/__init__.py,Python,.py,6,320
scikit-learn,sklearn/neural_network/_stochastic_optimizers.py,Python,.py,229,8838
scikit-learn,sklearn/neural_network/_multilayer_perceptron.py,Python,.py,1497,66188
scikit-learn,sklearn/neural_network/tests/test_mlp.py,Python,.py,929,36960
scikit-learn,sklearn/neural_network/tests/__init__.py,Python,.py,0,0
scikit-learn,sklearn/neural_network/tests/test_rbm.py,Python,.py,194,7979
scikit-learn,sklearn/neural_network/tests/test_base.py,Python,.py,41,1566
scikit-learn,sklearn/neural_network/tests/test_stochastic_optimizers.py,Python,.py,89,4137
scikit-learn,sklearn/feature_selection/_base.py,Python,.py,237,9799
scikit-learn,sklearn/feature_selection/_variance_threshold.py,Python,.py,111,4688
scikit-learn,sklearn/feature_selection/__init__.py,Python,.py,49,1316
scikit-learn,sklearn/feature_selection/_rfe.py,Python,.py,837,37175
scikit-learn,sklearn/feature_selection/_from_model.py,Python,.py,435,19084
scikit-learn,sklearn/feature_selection/_mutual_info.py,Python,.py,485,20016
scikit-learn,sklearn/feature_selection/_univariate_selection.py,Python,.py,934,40796
scikit-learn,sklearn/feature_selection/_sequential.py,Python,.py,307,13974
scikit-learn,sklearn/feature_selection/tests/test_variance_threshold.py,Python,.py,58,2640
scikit-learn,sklearn/feature_selection/tests/test_rfe.py,Python,.py,619,25995
scikit-learn,sklearn/feature_selection/tests/test_from_model.py,Python,.py,564,23585
scikit-learn,sklearn/feature_selection/tests/test_sequential.py,Python,.py,263,10906
scikit-learn,sklearn/feature_selection/tests/__init__.py,Python,.py,0,0
scikit-learn,sklearn/feature_selection/tests/test_feature_select.py,Python,.py,877,32507
scikit-learn,sklearn/feature_selection/tests/test_chi2.py,Python,.py,72,3139
scikit-learn,sklearn/feature_selection/tests/test_base.py,Python,.py,117,4832
scikit-learn,sklearn/feature_selection/tests/test_mutual_info.py,Python,.py,213,9852
scikit-learn,sklearn/inspection/_partial_dependence.py,Python,.py,654,33197
scikit-learn,sklearn/inspection/__init__.py,Python,.py,13,557
scikit-learn,sklearn/inspection/_permutation_importance.py,Python,.py,266,11432
scikit-learn,sklearn/inspection/_pd_utils.py,Python,.py,57,2218
scikit-learn,sklearn/inspection/_plot/__init__.py,Python,.py,2,79
scikit-learn,sklearn/inspection/_plot/decision_boundary.py,Python,.py,720,34615
scikit-learn,sklearn/inspection/_plot/partial_dependence.py,Python,.py,1293,61407
scikit-learn,sklearn/inspection/_plot/tests/test_plot_partial_dependence.py,Python,.py,1142,41212
scikit-learn,sklearn/inspection/_plot/tests/__init__.py,Python,.py,0,0
scikit-learn,sklearn/inspection/_plot/tests/test_boundary_decision_display.py,Python,.py,891,35309
scikit-learn,sklearn/inspection/tests/test_partial_dependence.py,Python,.py,1107,43663
scikit-learn,sklearn/inspection/tests/__init__.py,Python,.py,0,0
scikit-learn,sklearn/inspection/tests/test_pd_utils.py,Python,.py,38,1637
scikit-learn,sklearn/inspection/tests/test_permutation_importance.py,Python,.py,453,20285
scikit-learn,sklearn/svm/_base.py,Python,.py,1132,44790
scikit-learn,sklearn/svm/_bounds.py,Python,.py,79,3483
scikit-learn,sklearn/svm/__init__.py,Python,.py,25,509
scikit-learn,sklearn/svm/_classes.py,Python,.py,1476,68141
scikit-learn,sklearn/svm/tests/test_sparse.py,Python,.py,426,16238
scikit-learn,sklearn/svm/tests/test_bounds.py,Python,.py,110,5103
scikit-learn,sklearn/svm/tests/__init__.py,Python,.py,0,0
scikit-learn,sklearn/svm/tests/test_svm.py,Python,.py,1261,52936
scikit-learn,sklearn/svm/src/newrand/newrand.h,C/C++,.h,52,1840
scikit-learn,sklearn/svm/src/liblinear/linear.cpp,C++,.cpp,2725,63015
scikit-learn,sklearn/svm/src/liblinear/linear.h,C/C++,.h,69,2458
scikit-learn,sklearn/svm/src/liblinear/liblinear_helper.c,C,.c,202,6380
scikit-learn,sklearn/svm/src/liblinear/_cython_blas_helpers.h,C/C++,.h,13,458
scikit-learn,sklearn/svm/src/liblinear/tron.h,C/C++,.h,30,768
scikit-learn,sklearn/svm/src/liblinear/tron.cpp,C++,.cpp,190,4952
scikit-learn,sklearn/svm/src/libsvm/libsvm_sparse_helper.c,C,.c,405,13247
scikit-learn,sklearn/svm/src/libsvm/libsvm_template.cpp,C++,.cpp,6,173
scikit-learn,sklearn/svm/src/libsvm/_svm_cython_blas_helpers.h,C/C++,.h,7,217
scikit-learn,sklearn/svm/src/libsvm/svm.h,C/C++,.h,136,6262
scikit-learn,sklearn/svm/src/libsvm/libsvm_helper.c,C,.c,371,11718
scikit-learn,sklearn/svm/src/libsvm/svm.cpp,C++,.cpp,2845,69309
scikit-learn,sklearn/manifold/_classical_mds.py,Python,.py,157,6381
scikit-learn,sklearn/manifold/_locally_linear.py,Python,.py,734,30945
scikit-learn,sklearn/manifold/_t_sne.py,Python,.py,987,43913
scikit-learn,sklearn/manifold/__init__.py,Python,.py,24,735
scikit-learn,sklearn/manifold/_isomap.py,Python,.py,366,15833
scikit-learn,sklearn/manifold/_mds.py,Python,.py,676,30244
scikit-learn,sklearn/manifold/_spectral_embedding.py,Python,.py,675,30431
scikit-learn,sklearn/manifold/tests/test_isomap.py,Python,.py,276,12050
scikit-learn,sklearn/manifold/tests/test_mds.py,Python,.py,229,9503
scikit-learn,sklearn/manifold/tests/__init__.py,Python,.py,0,0
scikit-learn,sklearn/manifold/tests/test_t_sne.py,Python,.py,979,37630
scikit-learn,sklearn/manifold/tests/test_spectral_embedding.py,Python,.py,484,19994
scikit-learn,sklearn/manifold/tests/test_classical_mds.py,Python,.py,45,1980
scikit-learn,sklearn/manifold/tests/test_locally_linear.py,Python,.py,136,5772
scikit-learn,sklearn/mixture/_base.py,Python,.py,515,21158
scikit-learn,sklearn/mixture/__init__.py,Python,.py,6,306
scikit-learn,sklearn/mixture/_bayesian_mixture.py,Python,.py,725,33394
scikit-learn,sklearn/mixture/_gaussian_mixture.py,Python,.py,815,35904
scikit-learn,sklearn/mixture/tests/test_mixture.py,Python,.py,26,1178
scikit-learn,sklearn/mixture/tests/test_bayesian_mixture.py,Python,.py,389,17040
scikit-learn,sklearn/mixture/tests/__init__.py,Python,.py,0,0
scikit-learn,sklearn/mixture/tests/test_gaussian_mixture.py,Python,.py,1417,56034
scikit-learn,sklearn/preprocessing/_data.py,Python,.py,3105,130762
scikit-learn,sklearn/preprocessing/_target_encoder.py,Python,.py,587,27090
scikit-learn,sklearn/preprocessing/_encoders.py,Python,.py,1425,68455
scikit-learn,sklearn/preprocessing/__init__.py,Python,.py,65,1671
scikit-learn,sklearn/preprocessing/_discretization.py,Python,.py,439,20409
scikit-learn,sklearn/preprocessing/_polynomial.py,Python,.py,1097,50999
scikit-learn,sklearn/preprocessing/_label.py,Python,.py,878,35348
scikit-learn,sklearn/preprocessing/_function_transformer.py,Python,.py,371,16964
scikit-learn,sklearn/preprocessing/tests/test_common.py,Python,.py,166,6820
scikit-learn,sklearn/preprocessing/tests/test_label.py,Python,.py,783,32738
scikit-learn,sklearn/preprocessing/tests/test_encoders.py,Python,.py,2001,83790
scikit-learn,sklearn/preprocessing/tests/test_function_transformer.py,Python,.py,462,19273
scikit-learn,sklearn/preprocessing/tests/test_polynomial.py,Python,.py,1229,47552
scikit-learn,sklearn/preprocessing/tests/__init__.py,Python,.py,0,0
scikit-learn,sklearn/preprocessing/tests/test_discretization.py,Python,.py,587,21133
scikit-learn,sklearn/preprocessing/tests/test_data.py,Python,.py,2416,109055
scikit-learn,sklearn/preprocessing/tests/test_target_encoder.py,Python,.py,657,30306
scikit-learn,sklearn/callback/_base.py,Python,.py,106,4328
scikit-learn,sklearn/callback/_callback_context.py,Python,.py,473,22167
scikit-learn,sklearn/callback/__init__.py,Python,.py,21,761
scikit-learn,sklearn/callback/_transport.py,Python,.py,150,7699
scikit-learn,sklearn/callback/_callback_support.py,Python,.py,170,7603
scikit-learn,sklearn/callback/_progressbar.py,Python,.py,252,11807
scikit-learn,sklearn/callback/_scoring_monitor.py,Python,.py,241,11556
scikit-learn,sklearn/callback/tests/test_callback_support.py,Python,.py,129,6283
scikit-learn,sklearn/callback/tests/conftest.py,Python,.py,4,179
scikit-learn,sklearn/callback/tests/test_pickle.py,Python,.py,161,7855
scikit-learn,sklearn/callback/tests/__init__.py,Python,.py,0,0
scikit-learn,sklearn/callback/tests/test_scoring_monitor.py,Python,.py,341,14245
scikit-learn,sklearn/callback/tests/test_callback_context.py,Python,.py,401,19020
scikit-learn,sklearn/callback/tests/test_progressbar.py,Python,.py,177,7937
scikit-learn,sklearn/callback/tests/_common/__init__.py,Python,.py,2,79
scikit-learn,sklearn/callback/tests/_common/callbacks.py,Python,.py,134,5535
scikit-learn,sklearn/callback/tests/_common/estimators.py,Python,.py,211,9470
scikit-learn,sklearn/frozen/__init__.py,Python,.py,4,162
scikit-learn,sklearn/frozen/_frozen.py,Python,.py,131,4987
scikit-learn,sklearn/frozen/tests/test_frozen.py,Python,.py,173,6811
scikit-learn,sklearn/frozen/tests/__init__.py,Python,.py,0,0
scikit-learn,sklearn/model_selection/_search.py,Python,.py,1769,85371
scikit-learn,sklearn/model_selection/__init__.py,Python,.py,98,2864
scikit-learn,sklearn/model_selection/_classification_threshold.py,Python,.py,748,33011
scikit-learn,sklearn/model_selection/_validation.py,Python,.py,2161,95807
scikit-learn,sklearn/model_selection/_plot.py,Python,.py,744,34606
scikit-learn,sklearn/model_selection/_search_successive_halving.py,Python,.py,969,48860
scikit-learn,sklearn/model_selection/_split.py,Python,.py,2547,112741
scikit-learn,sklearn/model_selection/tests/test_plot.py,Python,.py,474,18456
scikit-learn,sklearn/model_selection/tests/test_split.py,Python,.py,1746,75308
scikit-learn,sklearn/model_selection/tests/test_validation.py,Python,.py,2343,92952
scikit-learn,sklearn/model_selection/tests/test_search.py,Python,.py,2661,107345
scikit-learn,sklearn/model_selection/tests/__init__.py,Python,.py,0,0
scikit-learn,sklearn/model_selection/tests/common.py,Python,.py,17,641
scikit-learn,sklearn/model_selection/tests/test_successive_halving.py,Python,.py,779,31684
scikit-learn,sklearn/model_selection/tests/test_classification_threshold.py,Python,.py,549,23816
scikit-learn,sklearn/_build_utils/version.py,Python,.py,10,448
scikit-learn,sklearn/_build_utils/__init__.py,Python,.py,0,0
scikit-learn,sklearn/_build_utils/tempita.py,Python,.py,44,1684
scikit-learn,sklearn/decomposition/_base.py,Python,.py,180,7483
scikit-learn,sklearn/decomposition/_factor_analysis.py,Python,.py,369,15281
scikit-learn,sklearn/decomposition/_nmf.py,Python,.py,1923,81635
scikit-learn,sklearn/decomposition/_sparse_pca.py,Python,.py,447,17986
scikit-learn,sklearn/decomposition/_kernel_pca.py,Python,.py,483,22651
scikit-learn,sklearn/decomposition/_incremental_pca.py,Python,.py,353,16333
scikit-learn,sklearn/decomposition/__init__.py,Python,.py,46,1524
scikit-learn,sklearn/decomposition/_fastica.py,Python,.py,657,26568
scikit-learn,sklearn/decomposition/_pca.py,Python,.py,694,33410
scikit-learn,sklearn/decomposition/_truncated_svd.py,Python,.py,265,11748
scikit-learn,sklearn/decomposition/_dict_learning.py,Python,.py,1919,78693
scikit-learn,sklearn/decomposition/_lda.py,Python,.py,774,34215
scikit-learn,sklearn/decomposition/tests/test_dict_learning.py,Python,.py,869,31546
scikit-learn,sklearn/decomposition/tests/test_fastica.py,Python,.py,381,15916
scikit-learn,sklearn/decomposition/tests/test_truncated_svd.py,Python,.py,176,7544
scikit-learn,sklearn/decomposition/tests/__init__.py,Python,.py,0,0
scikit-learn,sklearn/decomposition/tests/test_nmf.py,Python,.py,869,32808
scikit-learn,sklearn/decomposition/tests/test_online_lda.py,Python,.py,417,16308
scikit-learn,sklearn/decomposition/tests/test_kernel_pca.py,Python,.py,451,21023
scikit-learn,sklearn/decomposition/tests/test_sparse_pca.py,Python,.py,290,12216
scikit-learn,sklearn/decomposition/tests/test_factor_analysis.py,Python,.py,89,4032
scikit-learn,sklearn/decomposition/tests/test_incremental_pca.py,Python,.py,393,16897
scikit-learn,sklearn/decomposition/tests/test_pca.py,Python,.py,945,41613
scikit-learn,sklearn/cross_decomposition/__init__.py,Python,.py,5,271
scikit-learn,sklearn/cross_decomposition/_pls.py,Python,.py,892,37009
scikit-learn,sklearn/cross_decomposition/tests/test_pls.py,Python,.py,546,23601
scikit-learn,sklearn/cross_decomposition/tests/__init__.py,Python,.py,0,0
scikit-learn,sklearn/neighbors/_classification.py,Python,.py,768,35154
scikit-learn,sklearn/neighbors/_nca.py,Python,.py,476,21099
scikit-learn,sklearn/neighbors/_base.py,Python,.py,1201,52591
scikit-learn,sklearn/neighbors/_graph.py,Python,.py,589,24684
scikit-learn,sklearn/neighbors/_regression.py,Python,.py,421,18649
scikit-learn,sklearn/neighbors/__init__.py,Python,.py,46,1468
scikit-learn,sklearn/neighbors/_nearest_centroid.py,Python,.py,294,13095
scikit-learn,sklearn/neighbors/_unsupervised.py,Python,.py,145,6283
scikit-learn,sklearn/neighbors/_kde.py,Python,.py,307,12359
scikit-learn,sklearn/neighbors/_lof.py,Python,.py,426,20231
scikit-learn,sklearn/neighbors/tests/test_nearest_centroid.py,Python,.py,188,7572
scikit-learn,sklearn/neighbors/tests/test_kde.py,Python,.py,204,9745
scikit-learn,sklearn/neighbors/tests/test_neighbors_pipeline.py,Python,.py,212,8147
scikit-learn,sklearn/neighbors/tests/test_lof.py,Python,.py,310,13746
scikit-learn,sklearn/neighbors/tests/test_kd_tree.py,Python,.py,119,5443
scikit-learn,sklearn/neighbors/tests/test_neighbors_tree.py,Python,.py,226,9297
scikit-learn,sklearn/neighbors/tests/__init__.py,Python,.py,0,0
scikit-learn,sklearn/neighbors/tests/test_nca.py,Python,.py,486,20792
scikit-learn,sklearn/neighbors/tests/test_graph.py,Python,.py,81,3547
scikit-learn,sklearn/neighbors/tests/test_neighbors.py,Python,.py,2081,88357
scikit-learn,sklearn/neighbors/tests/test_quad_tree.py,Python,.py,115,5142
scikit-learn,sklearn/neighbors/tests/test_ball_tree.py,Python,.py,153,7097
scikit-learn,maint_tools/check_xfailed_checks.py,Python,.py,33,1598
scikit-learn,maint_tools/bump-dependencies-versions.py,Python,.py,159,5792
scikit-learn,maint_tools/update_tracking_issue.py,Python,.py,158,6205
scikit-learn,examples/bicluster/plot_bicluster_newsgroups.py,Python,.py,131,5351
scikit-learn,examples/bicluster/plot_spectral_biclustering.py,Python,.py,103,4676
scikit-learn,examples/bicluster/plot_spectral_coclustering.py,Python,.py,41,1746
scikit-learn,examples/classification/plot_classifier_comparison.py,Python,.py,138,4944
scikit-learn,examples/classification/plot_lda.py,Python,.py,87,3125
scikit-learn,examples/classification/plot_lda_qda.py,Python,.py,204,7873
scikit-learn,examples/classification/plot_classification_probability.py,Python,.py,219,8835
scikit-learn,examples/classification/plot_digits_classification.py,Python,.py,102,4557
scikit-learn,examples/tree/plot_unveil_tree_structure.py,Python,.py,211,9982
scikit-learn,examples/tree/plot_cost_complexity_pruning.py,Python,.py,96,4684
scikit-learn,examples/tree/plot_iris_dtc.py,Python,.py,68,2489
scikit-learn,examples/tree/plot_tree_regression.py,Python,.py,129,4461
scikit-learn,examples/developing_estimators/sklearn_is_fitted.py,Python,.py,61,2607
scikit-learn,examples/ensemble/plot_hgbt_regression.py,Python,.py,374,16704
scikit-learn,examples/ensemble/plot_forest_importances.py,Python,.py,98,4260
scikit-learn,examples/ensemble/plot_gradient_boosting_categorical.py,Python,.py,329,13974
scikit-learn,examples/ensemble/plot_adaboost_multiclass.py,Python,.py,224,10235
scikit-learn,examples/ensemble/plot_adaboost_twoclass.py,Python,.py,92,3058
scikit-learn,examples/ensemble/plot_ensemble_oob.py,Python,.py,85,3152
scikit-learn,examples/ensemble/plot_adaboost_regression.py,Python,.py,61,2639
scikit-learn,examples/ensemble/plot_monotonic_constraints.py,Python,.py,89,3315
scikit-learn,examples/ensemble/plot_stack_predictors.py,Python,.py,242,10260
scikit-learn,examples/ensemble/plot_gradient_boosting_oob.py,Python,.py,116,4952
scikit-learn,examples/ensemble/plot_gradient_boosting_regression.py,Python,.py,155,6087
scikit-learn,examples/ensemble/plot_isolation_forest.py,Python,.py,103,4334
scikit-learn,examples/ensemble/plot_bias_variance.py,Python,.py,146,7236
scikit-learn,examples/ensemble/plot_forest_hist_grad_boosting_comparison.py,Python,.py,197,8931
scikit-learn,examples/ensemble/plot_feature_transformation.py,Python,.py,128,5259
scikit-learn,examples/ensemble/plot_random_forest_embedding.py,Python,.py,87,3739
scikit-learn,examples/ensemble/plot_random_forest_regression_multioutput.py,Python,.py,82,2624
scikit-learn,examples/ensemble/plot_gradient_boosting_quantile.py,Python,.py,327,13595
scikit-learn,examples/ensemble/plot_gradient_boosting_early_stopping.py,Python,.py,152,6680
scikit-learn,examples/ensemble/plot_forest_iris.py,Python,.py,152,6416
scikit-learn,examples/ensemble/plot_gradient_boosting_regularization.py,Python,.py,71,2689
scikit-learn,examples/ensemble/plot_voting_decision_regions.py,Python,.py,184,7238
scikit-learn,examples/ensemble/plot_voting_regressor.py,Python,.py,73,2733
scikit-learn,examples/cluster/plot_hdbscan.py,Python,.py,226,9937
scikit-learn,examples/cluster/plot_affinity_propagation.py,Python,.py,64,2261
scikit-learn,examples/cluster/plot_bisect_kmeans.py,Python,.py,47,2060
scikit-learn,examples/cluster/plot_inductive_clustering.py,Python,.py,101,4052
scikit-learn,examples/cluster/plot_feature_agglomeration_vs_univariate_selection.py,Python,.py,94,3583
scikit-learn,examples/cluster/plot_digits_linkage.py,Python,.py,64,2754
scikit-learn,examples/cluster/plot_linkage_comparison.py,Python,.py,148,5242
scikit-learn,examples/cluster/plot_kmeans_plusplus.py,Python,.py,33,1249
scikit-learn,examples/cluster/plot_cluster_comparison.py,Python,.py,259,8575
scikit-learn,examples/cluster/plot_digits_agglomeration.py,Python,.py,48,1580
scikit-learn,examples/cluster/plot_birch_vs_minibatchkmeans.py,Python,.py,90,3785
scikit-learn,examples/cluster/plot_agglomerative_clustering_metrics.py,Python,.py,116,4794
scikit-learn,examples/cluster/plot_adjusted_for_chance_measures.py,Python,.py,195,8690
scikit-learn,examples/cluster/plot_segmentation_toy.py,Python,.py,88,3731
scikit-learn,examples/cluster/plot_mini_batch_kmeans.py,Python,.py,118,4106
scikit-learn,examples/cluster/plot_mean_shift.py,Python,.py,53,1745
scikit-learn,examples/cluster/plot_dict_face_patches.py,Python,.py,72,2724
scikit-learn,examples/cluster/plot_coin_segmentation.py,Python,.py,85,3876
scikit-learn,examples/cluster/plot_ward_structured_vs_unstructured.py,Python,.py,158,6520
scikit-learn,examples/cluster/plot_face_compress.py,Python,.py,159,6855
scikit-learn,examples/cluster/plot_kmeans_silhouette_analysis.py,Python,.py,132,5978
scikit-learn,examples/cluster/plot_kmeans_stability_low_dim_dense.py,Python,.py,104,4340
scikit-learn,examples/cluster/plot_kmeans_digits.py,Python,.py,162,6332
scikit-learn,examples/cluster/plot_kmeans_assumptions.py,Python,.py,142,6606
scikit-learn,examples/cluster/plot_coin_ward_segmentation.py,Python,.py,72,2363
scikit-learn,examples/cluster/plot_dbscan.py,Python,.py,106,4082
scikit-learn,examples/cluster/plot_agglomerative_dendrogram.py,Python,.py,42,1722
scikit-learn,examples/cluster/plot_optics.py,Python,.py,88,3472
scikit-learn,examples/semi_supervised/plot_self_training_varying_threshold.py,Python,.py,97,4089
scikit-learn,examples/semi_supervised/plot_label_propagation_structure.py,Python,.py,92,2711
scikit-learn,examples/semi_supervised/plot_label_propagation_digits_active_learning.py,Python,.py,99,4231
scikit-learn,examples/semi_supervised/plot_semi_supervised_newsgroups.py,Python,.py,173,6917
scikit-learn,examples/semi_supervised/plot_semi_supervised_versus_svm_iris.py,Python,.py,160,7287
scikit-learn,examples/semi_supervised/plot_label_propagation_digits.py,Python,.py,92,3197
scikit-learn,examples/kernel_approximation/plot_scalable_poly_kernels.py,Python,.py,209,7742
scikit-learn,examples/callbacks/plot_callback_support.py,Python,.py,352,18569
scikit-learn,examples/callbacks/plot_scoring_monitor.py,Python,.py,228,10655
scikit-learn,examples/calibration/plot_calibration.py,Python,.py,117,4672
scikit-learn,examples/calibration/plot_compare_calibration.py,Python,.py,257,12177
scikit-learn,examples/calibration/plot_calibration_curve.py,Python,.py,285,11519
scikit-learn,examples/calibration/plot_calibration_multiclass.py,Python,.py,264,10759
scikit-learn,examples/gaussian_process/plot_compare_gpr_krr.py,Python,.py,360,13269
scikit-learn,examples/gaussian_process/plot_gpr_prior_posterior.py,Python,.py,209,8403
scikit-learn,examples/gaussian_process/plot_gpc_xor.py,Python,.py,50,2098
scikit-learn,examples/gaussian_process/plot_gpc_isoprobability.py,Python,.py,74,2826
scikit-learn,examples/gaussian_process/plot_gpr_noisy.py,Python,.py,204,7985
scikit-learn,examples/gaussian_process/plot_gpc.py,Python,.py,111,3989
scikit-learn,examples/gaussian_process/plot_gpc_iris.py,Python,.py,52,2089
scikit-learn,examples/gaussian_process/plot_gpr_co2.py,Python,.py,195,8824
scikit-learn,examples/gaussian_process/plot_gpr_noisy_targets.py,Python,.py,131,5133
scikit-learn,examples/gaussian_process/plot_gpr_on_structured_data.py,Python,.py,156,6102
scikit-learn,examples/compose/plot_digits_pipe.py,Python,.py,70,2590
scikit-learn,examples/compose/plot_feature_union.py,Python,.py,43,1951
scikit-learn,examples/compose/plot_column_transformer.py,Python,.py,159,6763
scikit-learn,examples/compose/plot_transformed_target.py,Python,.py,191,7643
scikit-learn,examples/compose/plot_column_transformer_mixed_types.py,Python,.py,190,7845
scikit-learn,examples/compose/plot_compare_reduction.py,Python,.py,108,4463
scikit-learn,examples/datasets/plot_random_multilabel_dataset.py,Python,.py,88,3216
scikit-learn,examples/linear_model/plot_quantile_regression.py,Python,.py,278,11554
scikit-learn,examples/linear_model/plot_bayesian_ridge_curvefit.py,Python,.py,73,3105
scikit-learn,examples/linear_model/plot_ransac.py,Python,.py,64,2154
scikit-learn,examples/linear_model/plot_logistic_l1_l2_sparsity.py,Python,.py,66,3006
scikit-learn,examples/linear_model/plot_ridge_coeffs.py,Python,.py,159,8783
scikit-learn,examples/linear_model/plot_sgd_early_stopping.py,Python,.py,127,5822
scikit-learn,examples/linear_model/plot_sgd_separating_hyperplane.py,Python,.py,36,1278
scikit-learn,examples/linear_model/plot_ols_ridge.py,Python,.py,133,5514
scikit-learn,examples/linear_model/plot_polynomial_interpolation.py,Python,.py,172,7774
scikit-learn,examples/linear_model/plot_huber_vs_ridge.py,Python,.py,52,2095
scikit-learn,examples/linear_model/plot_logistic_path.py,Python,.py,80,2957
scikit-learn,examples/linear_model/plot_sparse_logistic_regression_mnist.py,Python,.py,68,2678
scikit-learn,examples/linear_model/plot_ard.py,Python,.py,183,7121
scikit-learn,examples/linear_model/plot_sgdocsvm_vs_ocsvm.py,Python,.py,177,6148
scikit-learn,examples/linear_model/plot_tweedie_regression_insurance_claims.py,Python,.py,612,23677
scikit-learn,examples/linear_model/plot_lasso_model_selection.py,Python,.py,221,8855
scikit-learn,examples/linear_model/plot_elastic_net_precomputed_gram_matrix_with_weighted_samples.py,Python,.py,42,2137
scikit-learn,examples/linear_model/plot_sgd_iris.py,Python,.py,69,1978
scikit-learn,examples/linear_model/plot_ridge_path.py,Python,.py,55,2092
scikit-learn,examples/linear_model/plot_poisson_regression_non_normal_loss.py,Python,.py,513,22561
scikit-learn,examples/linear_model/plot_multi_task_lasso_support.py,Python,.py,67,2306
scikit-learn,examples/linear_model/plot_sgd_penalties.py,Python,.py,45,1428
scikit-learn,examples/linear_model/plot_theilsen.py,Python,.py,105,3776
scikit-learn,examples/linear_model/plot_lasso_and_elasticnet.py,Python,.py,211,9417
scikit-learn,examples/linear_model/plot_sgd_weighted_samples.py,Python,.py,52,1668
scikit-learn,examples/linear_model/plot_lasso_lasso_lars_elasticnet_path.py,Python,.py,103,4795
scikit-learn,examples/linear_model/plot_lasso_dense_vs_sparse_data.py,Python,.py,69,2904
scikit-learn,examples/linear_model/plot_logistic_multinomial.py,Python,.py,170,7780
scikit-learn,examples/linear_model/plot_lasso_lars_ic.py,Python,.py,94,3866
scikit-learn,examples/linear_model/plot_sgd_loss_functions.py,Python,.py,44,1298
scikit-learn,examples/linear_model/plot_omp.py,Python,.py,64,1975
scikit-learn,examples/linear_model/plot_sparse_logistic_regression_20newsgroups.py,Python,.py,111,4262
scikit-learn,examples/linear_model/plot_robust_fit.py,Python,.py,94,3184
scikit-learn,examples/linear_model/plot_nnls.py,Python,.py,55,2087
scikit-learn,examples/impute/plot_missing_values.py,Python,.py,213,8147
scikit-learn,examples/impute/plot_iterative_imputer_variants_comparison.py,Python,.py,144,6208
scikit-learn,examples/covariance/plot_mahalanobis_distances.py,Python,.py,183,8178
scikit-learn,examples/covariance/plot_robust_vs_empirical_covariance.py,Python,.py,167,6582
scikit-learn,examples/covariance/plot_covariance_estimation.py,Python,.py,135,5277
scikit-learn,examples/covariance/plot_lw_vs_oas.py,Python,.py,94,3023
scikit-learn,examples/covariance/plot_sparse_cov.py,Python,.py,132,4988
scikit-learn,examples/multioutput/plot_classifier_chain_yeast.py,Python,.py,131,6044
scikit-learn,examples/miscellaneous/plot_multilabel.py,Python,.py,103,4074
scikit-learn,examples/miscellaneous/plot_outlier_detection_bench.py,Python,.py,388,16907
scikit-learn,examples/miscellaneous/plot_johnson_lindenstrauss_bound.py,Python,.py,177,7521
scikit-learn,examples/miscellaneous/plot_anomaly_comparison.py,Python,.py,161,7440
scikit-learn,examples/miscellaneous/plot_kernel_ridge_regression.py,Python,.py,178,6637
scikit-learn,examples/miscellaneous/plot_isotonic_regression.py,Python,.py,57,2564
scikit-learn,examples/miscellaneous/plot_metadata_routing.py,Python,.py,600,27300
scikit-learn,examples/miscellaneous/plot_roc_curve_visualization_api.py,Python,.py,53,2216
scikit-learn,examples/miscellaneous/plot_set_output.py,Python,.py,123,5082
scikit-learn,examples/miscellaneous/plot_pipeline_display.py,Python,.py,152,6206
scikit-learn,examples/miscellaneous/plot_kernel_approximation.py,Python,.py,214,8579
scikit-learn,examples/miscellaneous/plot_display_object_visualization.py,Python,.py,73,3459
scikit-learn,examples/miscellaneous/plot_multioutput_face_completion.py,Python,.py,76,2885
scikit-learn,examples/miscellaneous/plot_estimator_representation.py,Python,.py,42,1708
scikit-learn,examples/feature_selection/plot_rfe_with_cross_validation.py,Python,.py,97,3620
scikit-learn,examples/feature_selection/plot_rfe_digits.py,Python,.py,44,1854
scikit-learn,examples/feature_selection/plot_feature_selection.py,Python,.py,108,3858
scikit-learn,examples/feature_selection/plot_select_from_model_diabetes.py,Python,.py,169,7436
scikit-learn,examples/feature_selection/plot_f_test_vs_mi.py,Python,.py,39,1722
scikit-learn,examples/feature_selection/plot_feature_selection_pipeline.py,Python,.py,68,2837
scikit-learn,examples/inspection/plot_partial_dependence.py,Python,.py,562,22889
scikit-learn,examples/inspection/plot_causal_interpretation.py,Python,.py,164,7299
scikit-learn,examples/inspection/plot_partial_dependence_visualization_api.py,Python,.py,122,5443
scikit-learn,examples/inspection/plot_permutation_importance_multicollinear.py,Python,.py,174,8442
scikit-learn,examples/inspection/plot_permutation_importance.py,Python,.py,232,10351
scikit-learn,examples/inspection/plot_linear_model_coefficient_interpretation.py,Python,.py,683,27896
scikit-learn,examples/svm/plot_separating_hyperplane.py,Python,.py,42,1194
scikit-learn,examples/svm/plot_custom_kernel.py,Python,.py,53,1515
scikit-learn,examples/svm/plot_svm_margin.py,Python,.py,76,2466
scikit-learn,examples/svm/plot_iris_svc.py,Python,.py,87,3492
scikit-learn,examples/svm/plot_svm_anova.py,Python,.py,56,2176
scikit-learn,examples/svm/plot_rbf_parameters.py,Python,.py,182,8336
scikit-learn,examples/svm/plot_separating_hyperplane_unbalanced.py,Python,.py,77,2409
scikit-learn,examples/svm/plot_oneclass.py,Python,.py,92,2884
scikit-learn,examples/svm/plot_svm_scale_c.py,Python,.py,170,7476
scikit-learn,examples/svm/plot_svm_tie_breaking.py,Python,.py,51,2174
scikit-learn,examples/svm/plot_svm_kernels.py,Python,.py,276,12718
scikit-learn,examples/svm/plot_svm_regression.py,Python,.py,67,2128
scikit-learn,examples/svm/plot_linearsvc_support_vectors.py,Python,.py,53,1888
scikit-learn,examples/svm/plot_weighted_samples.py,Python,.py,74,2647
scikit-learn,examples/manifold/plot_mds.py,Python,.py,119,3907
scikit-learn,examples/manifold/plot_compare_methods.py,Python,.py,193,7594
scikit-learn,examples/manifold/plot_lle_digits.py,Python,.py,162,6473
scikit-learn,examples/manifold/plot_manifold_sphere.py,Python,.py,152,6004
scikit-learn,examples/manifold/plot_swissroll.py,Python,.py,102,4102
scikit-learn,examples/manifold/plot_t_sne_perplexity.py,Python,.py,118,4288
scikit-learn,examples/applications/plot_face_recognition.py,Python,.py,220,9596
scikit-learn,examples/applications/plot_outlier_detection_wine.py,Python,.py,120,4897
scikit-learn,examples/applications/plot_stock_market.py,Python,.py,239,8268
scikit-learn,examples/applications/plot_out_of_core_classification.py,Python,.py,346,13491
scikit-learn,examples/applications/plot_prediction_latency.py,Python,.py,287,11145
scikit-learn,examples/applications/plot_wikipedia_principal_eigenvector.py,Python,.py,196,8061
scikit-learn,examples/applications/plot_species_distribution_modeling.py,Python,.py,197,7770
scikit-learn,examples/applications/plot_cyclical_feature_engineering.py,Python,.py,770,32520
scikit-learn,examples/applications/plot_model_complexity_influence.py,Python,.py,248,10564
scikit-learn,examples/applications/plot_tomography_l1_reconstruction.py,Python,.py,120,5494
scikit-learn,examples/applications/plot_time_series_lagged_features.py,Python,.py,379,16324
scikit-learn,examples/applications/plot_digits_denoising.py,Python,.py,127,5229
scikit-learn,examples/applications/plot_topics_extraction_with_nmf_lda.py,Python,.py,194,6687
scikit-learn,examples/mixture/plot_concentration_prior.py,Python,.py,142,5875
scikit-learn,examples/mixture/plot_gmm_covariances.py,Python,.py,106,4604
scikit-learn,examples/mixture/plot_gmm.py,Python,.py,77,3283
scikit-learn,examples/mixture/plot_gmm_selection.py,Python,.py,147,5567
scikit-learn,examples/mixture/plot_gmm_pdf.py,Python,.py,42,1599
scikit-learn,examples/mixture/plot_gmm_init.py,Python,.py,82,3636
scikit-learn,examples/mixture/plot_gmm_sin.py,Python,.py,160,6162
scikit-learn,examples/neural_networks/plot_mlp_training_curves.py,Python,.py,124,4147
scikit-learn,examples/neural_networks/plot_rbm_logistic_classification.py,Python,.py,114,4272
scikit-learn,examples/neural_networks/plot_mnist_filters.py,Python,.py,59,2779
scikit-learn,examples/neural_networks/plot_mlp_alpha.py,Python,.py,127,4628
scikit-learn,examples/release_highlights/plot_release_highlights_1_3_0.py,Python,.py,133,6475
scikit-learn,examples/release_highlights/plot_release_highlights_1_2_0.py,Python,.py,142,6389
scikit-learn,examples/release_highlights/plot_release_highlights_1_5_0.py,Python,.py,183,8527
scikit-learn,examples/release_highlights/plot_release_highlights_1_9_0.py,Python,.py,154,10950
scikit-learn,examples/release_highlights/plot_release_highlights_1_8_0.py,Python,.py,250,11284
scikit-learn,examples/release_highlights/plot_release_highlights_1_4_0.py,Python,.py,195,7864
scikit-learn,examples/release_highlights/plot_release_highlights_1_7_0.py,Python,.py,93,4822
scikit-learn,examples/release_highlights/plot_release_highlights_1_6_0.py,Python,.py,189,9226
scikit-learn,examples/release_highlights/plot_release_highlights_0_24_0.py,Python,.py,228,11546
scikit-learn,examples/release_highlights/plot_release_highlights_0_23_0.py,Python,.py,163,7818
scikit-learn,examples/release_highlights/plot_release_highlights_1_1_0.py,Python,.py,204,8980
scikit-learn,examples/release_highlights/plot_release_highlights_1_0_0.py,Python,.py,219,10451
scikit-learn,examples/release_highlights/plot_release_highlights_0_22_0.py,Python,.py,251,11461
scikit-learn,examples/preprocessing/plot_map_data_to_normal.py,Python,.py,111,4582
scikit-learn,examples/preprocessing/plot_target_encoder_cross_val.py,Python,.py,169,7368
scikit-learn,examples/preprocessing/plot_discretization_classification.py,Python,.py,203,7746
scikit-learn,examples/preprocessing/plot_discretization_strategies.py,Python,.py,89,3197
scikit-learn,examples/preprocessing/plot_target_encoder.py,Python,.py,200,8174
scikit-learn,examples/preprocessing/plot_scaling_importance.py,Python,.py,231,10283
scikit-learn,examples/preprocessing/plot_discretization.py,Python,.py,80,3405
scikit-learn,examples/preprocessing/plot_all_scaling.py,Python,.py,355,14707
scikit-learn,examples/text/plot_hashing_vs_dict_vectorizer.py,Python,.py,319,15051
scikit-learn,examples/text/plot_document_clustering.py,Python,.py,386,17514
scikit-learn,examples/text/plot_document_classification_20newsgroups.py,Python,.py,378,16441
scikit-learn,examples/frozen/plot_frozen_examples.py,Python,.py,84,3929
scikit-learn,examples/model_selection/plot_roc.py,Python,.py,387,15421
scikit-learn,examples/model_selection/plot_confusion_matrix.py,Python,.py,101,3911
scikit-learn,examples/model_selection/plot_permutation_tests_for_classification.py,Python,.py,122,5453
scikit-learn,examples/model_selection/plot_train_error_vs_test_error.py,Python,.py,148,6224
scikit-learn,examples/model_selection/plot_successive_halving_heatmap.py,Python,.py,106,4357
scikit-learn,examples/model_selection/plot_roc_crossval.py,Python,.py,119,4645
scikit-learn,examples/model_selection/plot_tuned_decision_threshold.py,Python,.py,168,7577
scikit-learn,examples/model_selection/plot_underfitting_overfitting.py,Python,.py,68,2870
scikit-learn,examples/model_selection/plot_det.py,Python,.py,144,5839
scikit-learn,examples/model_selection/plot_successive_halving_iterations.py,Python,.py,72,2858
scikit-learn,examples/model_selection/plot_cv_predict.py,Python,.py,72,2631
scikit-learn,examples/model_selection/plot_grid_search_stats.py,Python,.py,492,23068
scikit-learn,examples/model_selection/plot_cv_indices.py,Python,.py,186,6264
scikit-learn,examples/model_selection/plot_grid_search_text_feature_extraction.py,Python,.py,224,9098
scikit-learn,examples/model_selection/plot_randomized_search.py,Python,.py,207,9537
scikit-learn,examples/model_selection/plot_learning_curve.py,Python,.py,165,6912
scikit-learn,examples/model_selection/plot_nested_cross_validation_iris.py,Python,.py,105,4541
scikit-learn,examples/model_selection/plot_cost_sensitive_learning.py,Python,.py,614,29807
scikit-learn,examples/model_selection/plot_precision_recall.py,Python,.py,253,11503
scikit-learn,examples/model_selection/plot_grid_search_refit_callable.py,Python,.py,337,11367
scikit-learn,examples/model_selection/plot_likelihood_ratios.py,Python,.py,272,12012
scikit-learn,examples/model_selection/plot_multi_metric_evaluation.py,Python,.py,95,3713
scikit-learn,examples/model_selection/plot_grid_search_digits.py,Python,.py,174,7402
scikit-learn,examples/multiclass/plot_multiclass_overview.py,Python,.py,182,8254
scikit-learn,examples/decomposition/plot_incremental_pca.py,Python,.py,49,2020
scikit-learn,examples/decomposition/plot_kernel_pca.py,Python,.py,140,6814
scikit-learn,examples/decomposition/plot_faces_decomposition.py,Python,.py,288,10544
scikit-learn,examples/decomposition/plot_pca_vs_lda.py,Python,.py,51,2095
scikit-learn,examples/decomposition/plot_image_denoising.py,Python,.py,153,6145
scikit-learn,examples/decomposition/plot_pca_vs_fa_model_selection.py,Python,.py,113,4495
scikit-learn,examples/decomposition/plot_pca_iris.py,Python,.py,87,3431
scikit-learn,examples/decomposition/plot_ica_blind_source_separation.py,Python,.py,64,2222
scikit-learn,examples/decomposition/plot_varimax_fa.py,Python,.py,63,2354
scikit-learn,examples/decomposition/plot_sparse_coding.py,Python,.py,106,4109
scikit-learn,examples/decomposition/plot_ica_vs_pca.py,Python,.py,89,3318
scikit-learn,examples/cross_decomposition/plot_pcr_vs_pls.py,Python,.py,146,7006
scikit-learn,examples/cross_decomposition/plot_compare_cross_decomposition.py,Python,.py,144,4848
scikit-learn,examples/neighbors/plot_species_kde.py,Python,.py,120,4756
scikit-learn,examples/neighbors/plot_nca_classification.py,Python,.py,75,2633
scikit-learn,examples/neighbors/plot_nearest_centroid.py,Python,.py,41,1445
scikit-learn,examples/neighbors/plot_caching_nearest_neighbors.py,Python,.py,58,2709
scikit-learn,examples/neighbors/plot_nca_dim_reduction.py,Python,.py,74,3616
scikit-learn,examples/neighbors/plot_lof_outlier_detection.py,Python,.py,77,3177
scikit-learn,examples/neighbors/plot_nca_illustration.py,Python,.py,81,3056
scikit-learn,examples/neighbors/plot_lof_novelty_detection.py,Python,.py,81,3714
scikit-learn,examples/neighbors/plot_regression.py,Python,.py,42,1539
scikit-learn,examples/neighbors/plot_classification.py,Python,.py,89,3332
scikit-learn,examples/neighbors/plot_kde_1d.py,Python,.py,125,5248
scikit-learn,examples/neighbors/approximate_nearest_neighbors.py,Python,.py,274,11349
scikit-learn,examples/neighbors/plot_digits_kde_sampling.py,Python,.py,52,2070
scikit-learn,benchmarks/bench_mnist.py,Python,.py,200,6931
scikit-learn,benchmarks/plot_tsne_mnist.py,Python,.py,27,857
scikit-learn,benchmarks/bench_rcv1_logreg_convergence.py,Python,.py,264,7745
scikit-learn,benchmarks/bench_plot_neighbors.py,Python,.py,153,5720
scikit-learn,benchmarks/bench_tsne_mnist.py,Python,.py,176,6416
scikit-learn,benchmarks/bench_plot_randomized_svd.py,Python,.py,454,18123
scikit-learn,benchmarks/bench_hist_gradient_boosting_higgsboson.py,Python,.py,106,4246
scikit-learn,benchmarks/bench_isolation_forest.py,Python,.py,137,5496
scikit-learn,benchmarks/bench_hist_gradient_boosting_threading.py,Python,.py,298,11031
scikit-learn,benchmarks/bench_plot_omp_lars.py,Python,.py,102,4416
scikit-learn,benchmarks/bench_lasso.py,Python,.py,78,3098
scikit-learn,benchmarks/bench_plot_svd.py,Python,.py,63,2759
scikit-learn,benchmarks/bench_pca_solvers.py,Python,.py,151,5814
scikit-learn,benchmarks/bench_plot_polynomial_kernel_approximation.py,Python,.py,146,6028
scikit-learn,benchmarks/bench_feature_expansions.py,Python,.py,51,1820
scikit-learn,benchmarks/bench_sample_without_replacement.py,Python,.py,194,7431
scikit-learn,benchmarks/bench_covertype.py,Python,.py,201,7285
scikit-learn,benchmarks/bench_isotonic.py,Python,.py,87,3262
scikit-learn,benchmarks/bench_hist_gradient_boosting.py,Python,.py,258,9516
scikit-learn,benchmarks/bench_plot_parallel_pairwise.py,Python,.py,33,1243
scikit-learn,benchmarks/bench_plot_fastkmeans.py,Python,.py,115,4428
scikit-learn,benchmarks/bench_plot_nmf.py,Python,.py,397,15395
scikit-learn,benchmarks/bench_plot_ward.py,Python,.py,40,1270
scikit-learn,benchmarks/bench_plot_lasso_path.py,Python,.py,92,3918
scikit-learn,benchmarks/bench_hist_gradient_boosting_categorical_only.py,Python,.py,65,2622
scikit-learn,benchmarks/bench_tree.py,Python,.py,96,3624
scikit-learn,benchmarks/bench_hist_gradient_boosting_adult.py,Python,.py,84,3507
scikit-learn,benchmarks/bench_plot_incremental_pca.py,Python,.py,129,5561
scikit-learn,benchmarks/bench_sparsify.py,Python,.py,81,3357
scikit-learn,benchmarks/bench_20newsgroups.py,Python,.py,83,3121
scikit-learn,benchmarks/bench_sgd_regression.py,Python,.py,129,5334
scikit-learn,benchmarks/bench_online_ocsvm.py,Python,.py,236,9419
scikit-learn,benchmarks/bench_kernel_pca_solvers_time_vs_n_components.py,Python,.py,150,5416
scikit-learn,benchmarks/bench_saga.py,Python,.py,346,11247
scikit-learn,benchmarks/bench_plot_hierarchical.py,Python,.py,59,2555
scikit-learn,benchmarks/bench_random_projections.py,Python,.py,255,8566
scikit-learn,benchmarks/bench_isolation_forest_predict.py,Python,.py,171,6674
scikit-learn,benchmarks/bench_kernel_pca_solvers_time_vs_n_samples.py,Python,.py,154,5765
scikit-learn,benchmarks/bench_lof.py,Python,.py,94,3526
scikit-learn,benchmarks/bench_glmnet.py,Python,.py,110,3968
scikit-learn,benchmarks/bench_text_vectorizers.py,Python,.py,52,1920
scikit-learn,benchmarks/bench_glm.py,Python,.py,40,1479
scikit-learn,build_tools/check-meson-openmp-dependencies.py,Python,.py,137,5460
scikit-learn,build_tools/get_comment.py,Python,.py,318,12039
scikit-learn,build_tools/generate_authors_table.py,Python,.py,212,8116
scikit-learn,build_tools/update_environments_and_lock_files.py,Python,.py,793,28179
scikit-learn,build_tools/wheels/check_license.py,Python,.py,23,817
scikit-learn,build_tools/github/vendor.py,Python,.py,74,3036
scikit-learn,build_tools/github/check_wheels.py,Python,.py,22,805
scikit-learn,build_tools/github/autoclose_prs.py,Python,.py,49,1785
scikit-learn,build_tools/circle/list_versions.py,Python,.py,120,5055
scikit-learn,.github/scripts/first-time-contributor.py,Python,.py,93,3765
scikit-learn,.github/scripts/add_or_remove_no_pr_warning.py,Python,.py,43,1889
scikit-learn,.github/scripts/label_title_regex.py,Python,.py,17,663
scikit-learn,doc/conftest.py,Python,.py,139,5641
scikit-learn,doc/conf.py,Python,.py,928,39320
scikit-learn,doc/api_reference.py,Python,.py,1352,49353
scikit-learn,doc/sphinxext/doi_role.py,Python,.py,39,1666
scikit-learn,doc/sphinxext/sphinx_issues.py,Python,.py,190,8117
scikit-learn,doc/sphinxext/dropdown_anchors.py,Python,.py,45,2373
scikit-learn,doc/sphinxext/github_link.py,Python,.py,70,2701
scikit-learn,doc/sphinxext/override_pst_pagetoc.py,Python,.py,66,3547
scikit-learn,doc/sphinxext/allow_nan_estimators.py,Python,.py,53,2327
scikit-learn,doc/sphinxext/autoshortsummary.py,Python,.py,39,1891
scikit-learn,doc/js/scripts/version-switcher.js,JavaScript,.js,37,1616
scikit-learn,doc/js/scripts/api-search.js,JavaScript,.js,11,428
scikit-learn,doc/js/scripts/dropdown.js,JavaScript,.js,56,2446
scikit-learn,doc/js/scripts/sg_plotly_resize.js,JavaScript,.js,8,455
scikit-learn,doc/js/scripts/theme-observer.js,JavaScript,.js,22,671
scikit-learn,doc/js/scripts/vendor/svg-pan-zoom.min.js,JavaScript,.js,31,31189
